Date,Open,High,Low,Close,Volume,Dividends,Stock Splits
2021-01-21 00:00:00-05:00,3857.4599609375,3861.449951171875,3845.050048828125,3853.070068359375,4501760000,0.0,0.0
2021-01-22 00:00:00-05:00,3844.239990234375,3852.31005859375,3830.409912109375,3841.469970703125,5110890000,0.0,0.0
2021-01-25 00:00:00-05:00,3851.679931640625,3859.22998046875,3797.159912109375,3855.360107421875,7000840000,0.0,0.0
2021-01-26 00:00:00-05:00,3862.9599609375,3870.89990234375,3847.780029296875,3849.6201171875,6137500000,0.0,0.0
2021-01-27 00:00:00-05:00,3836.830078125,3836.830078125,3732.47998046875,3750.77001953125,9976520000,0.0,0.0
2021-01-28 00:00:00-05:00,3755.75,3830.5,3755.75,3787.3798828125,6992770000,0.0,0.0
2021-01-29 00:00:00-05:00,3778.050048828125,3778.050048828125,3694.1201171875,3714.239990234375,6643370000,0.0,0.0
2021-02-01 00:00:00-05:00,3731.169921875,3784.320068359375,3725.6201171875,3773.860107421875,5436230000,0.0,0.0
2021-02-02 00:00:00-05:00,3791.840087890625,3843.090087890625,3791.840087890625,3826.31005859375,5514090000,0.0,0.0
2021-02-03 00:00:00-05:00,3840.27001953125,3847.510009765625,3816.679931640625,3830.169921875,4864870000,0.0,0.0
2021-02-04 00:00:00-05:00,3836.659912109375,3872.419921875,3836.659912109375,3871.739990234375,4879240000,0.0,0.0
2021-02-05 00:00:00-05:00,3878.300048828125,3894.56005859375,3874.929931640625,3886.830078125,4879470000,0.0,0.0
2021-02-08 00:00:00-05:00,3892.590087890625,3915.77001953125,3892.590087890625,3915.590087890625,4648360000,0.0,0.0
2021-02-09 00:00:00-05:00,3910.489990234375,3918.35009765625,3902.639892578125,3911.22998046875,4568320000,0.0,0.0
2021-02-10 00:00:00-05:00,3920.780029296875,3931.5,3884.93994140625,3909.8798828125,4837070000,0.0,0.0
2021-02-11 00:00:00-05:00,3916.39990234375,3925.989990234375,3890.389892578125,3916.3798828125,4590960000,0.0,0.0
2021-02-12 00:00:00-05:00,3911.64990234375,3937.22998046875,3905.780029296875,3934.830078125,4135060000,0.0,0.0
2021-02-16 00:00:00-05:00,3939.610107421875,3950.429931640625,3923.85009765625,3932.590087890625,5058990000,0.0,0.0
2021-02-17 00:00:00-05:00,3918.5,3933.610107421875,3900.429931640625,3931.330078125,4730650000,0.0,0.0
2021-02-18 00:00:00-05:00,3915.860107421875,3921.97998046875,3885.030029296875,3913.969970703125,4793650000,0.0,0.0
2021-02-19 00:00:00-05:00,3921.159912109375,3930.409912109375,3903.070068359375,3906.7099609375,4845320000,0.0,0.0
2021-02-22 00:00:00-05:00,3885.550048828125,3902.919921875,3874.7099609375,3876.5,5917100000,0.0,0.0
2021-02-23 00:00:00-05:00,3857.070068359375,3895.97998046875,3805.590087890625,3881.3701171875,6296610000,0.0,0.0
2021-02-24 00:00:00-05:00,3873.7099609375,3928.64990234375,3859.60009765625,3925.429931640625,6012790000,0.0,0.0
2021-02-25 00:00:00-05:00,3915.800048828125,3925.02001953125,3814.0400390625,3829.340087890625,6547470000,0.0,0.0
2021-02-26 00:00:00-05:00,3839.659912109375,3861.080078125,3789.5400390625,3811.14990234375,6526070000,0.0,0.0
2021-03-01 00:00:00-05:00,3842.510009765625,3914.5,3842.510009765625,3901.820068359375,5114820000,0.0,0.0
2021-03-02 00:00:00-05:00,3903.639892578125,3906.409912109375,3868.570068359375,3870.2900390625,5536010000,0.0,0.0
2021-03-03 00:00:00-05:00,3863.989990234375,3874.469970703125,3818.860107421875,3819.719970703125,6173660000,0.0,0.0
2021-03-04 00:00:00-05:00,3818.530029296875,3843.669921875,3723.340087890625,3768.469970703125,7195400000,0.0,0.0
2021-03-05 00:00:00-05:00,3793.580078125,3851.68994140625,3730.18994140625,3841.93994140625,6851070000,0.0,0.0
2021-03-08 00:00:00-05:00,3844.389892578125,3881.06005859375,3819.25,3821.35009765625,5871710000,0.0,0.0
2021-03-09 00:00:00-05:00,3851.929931640625,3903.760009765625,3851.929931640625,3875.43994140625,5513560000,0.0,0.0
2021-03-10 00:00:00-05:00,3891.989990234375,3917.35009765625,3885.72998046875,3898.81005859375,5847380000,0.0,0.0
2021-03-11 00:00:00-05:00,3915.5400390625,3960.27001953125,3915.5400390625,3939.340087890625,5312880000,0.0,0.0
2021-03-12 00:00:00-05:00,3924.52001953125,3944.989990234375,3915.2099609375,3943.340087890625,4476280000,0.0,0.0
2021-03-15 00:00:00-04:00,3942.9599609375,3970.080078125,3923.5400390625,3968.93994140625,4900100000,0.0,0.0
2021-03-16 00:00:00-04:00,3973.590087890625,3981.0400390625,3953.43994140625,3962.7099609375,4613080000,0.0,0.0
2021-03-17 00:00:00-04:00,3949.570068359375,3983.8701171875,3935.739990234375,3974.1201171875,4561660000,0.0,0.0
2021-03-18 00:00:00-04:00,3953.5,3969.6201171875,3910.860107421875,3915.4599609375,5118590000,0.0,0.0
2021-03-19 00:00:00-04:00,3913.139892578125,3930.1201171875,3886.75,3913.10009765625,7757420000,0.0,0.0
2021-03-22 00:00:00-04:00,3916.47998046875,3955.31005859375,3914.159912109375,3940.590087890625,4316260000,0.0,0.0
2021-03-23 00:00:00-04:00,3937.60009765625,3949.1298828125,3901.570068359375,3910.52001953125,4669010000,0.0,0.0
2021-03-24 00:00:00-04:00,3919.929931640625,3942.080078125,3889.070068359375,3889.139892578125,4783020000,0.0,0.0
2021-03-25 00:00:00-04:00,3879.340087890625,3919.5400390625,3853.5,3909.52001953125,4948340000,0.0,0.0
2021-03-26 00:00:00-04:00,3917.1201171875,3978.18994140625,3917.1201171875,3974.5400390625,5483160000,0.0,0.0
2021-03-29 00:00:00-04:00,3969.31005859375,3981.830078125,3943.25,3971.090087890625,4628180000,0.0,0.0
2021-03-30 00:00:00-04:00,3963.340087890625,3968.010009765625,3944.35009765625,3958.550048828125,4121510000,0.0,0.0
2021-03-31 00:00:00-04:00,3967.25,3994.409912109375,3966.97998046875,3972.889892578125,4578050000,0.0,0.0
2021-04-01 00:00:00-04:00,3992.780029296875,4020.6298828125,3992.780029296875,4019.8701171875,4162130000,0.0,0.0
2021-04-05 00:00:00-04:00,4034.43994140625,4083.419921875,4034.43994140625,4077.909912109375,4005030000,0.0,0.0
2021-04-06 00:00:00-04:00,4075.570068359375,4086.22998046875,4068.139892578125,4073.93994140625,4081270000,0.0,0.0
2021-04-07 00:00:00-04:00,4074.2900390625,4083.1298828125,4068.31005859375,4079.949951171875,4120810000,0.0,0.0
2021-04-08 00:00:00-04:00,4089.949951171875,4098.18994140625,4082.5400390625,4097.169921875,3907100000,0.0,0.0
2021-04-09 00:00:00-04:00,4096.10986328125,4129.47998046875,4095.510009765625,4128.7998046875,3640390000,0.0,0.0
2021-04-12 00:00:00-04:00,4124.7099609375,4131.759765625,4114.81982421875,4127.990234375,3588900000,0.0,0.0
2021-04-13 00:00:00-04:00,4130.10009765625,4148.0,4124.43017578125,4141.58984375,3734720000,0.0,0.0
2021-04-14 00:00:00-04:00,4141.580078125,4151.68994140625,4120.8701171875,4124.66015625,3985350000,0.0,0.0
2021-04-15 00:00:00-04:00,4139.759765625,4173.490234375,4139.759765625,4170.419921875,4033420000,0.0,0.0
2021-04-16 00:00:00-04:00,4174.14013671875,4191.31005859375,4170.75,4185.47021484375,4163820000,0.0,0.0
2021-04-19 00:00:00-04:00,4179.7998046875,4180.81005859375,4150.47021484375,4163.259765625,3810290000,0.0,0.0
2021-04-20 00:00:00-04:00,4159.18017578125,4159.18017578125,4118.3798828125,4134.93994140625,4342650000,0.0,0.0
2021-04-21 00:00:00-04:00,4128.419921875,4175.02001953125,4126.35009765625,4173.419921875,3887250000,0.0,0.0
2021-04-22 00:00:00-04:00,4170.4599609375,4179.56982421875,4123.68994140625,4134.97998046875,4245140000,0.0,0.0
2021-04-23 00:00:00-04:00,4138.77978515625,4194.169921875,4138.77978515625,4180.169921875,3569880000,0.0,0.0
2021-04-26 00:00:00-04:00,4185.02978515625,4194.18994140625,4182.35986328125,4187.6201171875,3748320000,0.0,0.0
2021-04-27 00:00:00-04:00,4188.25,4193.35009765625,4176.22021484375,4186.72021484375,3710700000,0.0,0.0
2021-04-28 00:00:00-04:00,4185.14013671875,4201.52978515625,4181.77978515625,4183.18017578125,3787360000,0.0,0.0
2021-04-29 00:00:00-04:00,4206.14013671875,4218.77978515625,4176.81005859375,4211.47021484375,4298680000,0.0,0.0
2021-04-30 00:00:00-04:00,4198.10009765625,4198.10009765625,4174.85009765625,4181.169921875,4300880000,0.0,0.0
2021-05-03 00:00:00-04:00,4191.97998046875,4209.39013671875,4188.02978515625,4192.66015625,4070220000,0.0,0.0
2021-05-04 00:00:00-04:00,4179.0400390625,4179.0400390625,4128.58984375,4164.66015625,4452460000,0.0,0.0
2021-05-05 00:00:00-04:00,4177.06005859375,4187.72021484375,4160.93994140625,4167.58984375,4230920000,0.0,0.0
2021-05-06 00:00:00-04:00,4169.14013671875,4202.7001953125,4147.330078125,4201.6201171875,4511000000,0.0,0.0
2021-05-07 00:00:00-04:00,4210.33984375,4238.0400390625,4201.64013671875,4232.60009765625,4016080000,0.0,0.0
2021-05-10 00:00:00-04:00,4228.2900390625,4236.39013671875,4188.1298828125,4188.43017578125,4560700000,0.0,0.0
2021-05-11 00:00:00-04:00,4150.33984375,4162.0400390625,4111.52978515625,4152.10009765625,4870710000,0.0,0.0
2021-05-12 00:00:00-04:00,4130.5498046875,4134.72998046875,4056.8798828125,4063.0400390625,4733070000,0.0,0.0
2021-05-13 00:00:00-04:00,4074.989990234375,4131.580078125,4074.989990234375,4112.5,4779540000,0.0,0.0
2021-05-14 00:00:00-04:00,4129.580078125,4183.1298828125,4129.580078125,4173.85009765625,4008880000,0.0,0.0
2021-05-17 00:00:00-04:00,4169.919921875,4171.919921875,4142.68994140625,4163.2900390625,4125050000,0.0,0.0
2021-05-18 00:00:00-04:00,4165.93994140625,4169.14990234375,4125.990234375,4127.830078125,4398150000,0.0,0.0
2021-05-19 00:00:00-04:00,4098.4501953125,4116.93017578125,4061.409912109375,4115.68017578125,4247450000,0.0,0.0
2021-05-20 00:00:00-04:00,4121.97021484375,4172.7998046875,4121.97021484375,4159.1201171875,3978880000,0.0,0.0
2021-05-21 00:00:00-04:00,4168.60986328125,4188.72021484375,4151.72021484375,4155.85986328125,3995250000,0.0,0.0
2021-05-24 00:00:00-04:00,4170.16015625,4209.52001953125,4170.16015625,4197.0498046875,3684800000,0.0,0.0
2021-05-25 00:00:00-04:00,4205.93994140625,4213.419921875,4182.52001953125,4188.1298828125,4182250000,0.0,0.0
2021-05-26 00:00:00-04:00,4191.58984375,4202.60986328125,4184.10986328125,4195.990234375,4420890000,0.0,0.0
2021-05-27 00:00:00-04:00,4201.93994140625,4213.3798828125,4197.77978515625,4200.8798828125,6406310000,0.0,0.0
2021-05-28 00:00:00-04:00,4210.77001953125,4218.35986328125,4203.56982421875,4204.10986328125,4649250000,0.0,0.0
2021-06-01 00:00:00-04:00,4216.52001953125,4234.1201171875,4197.58984375,4202.0400390625,5074670000,0.0,0.0
2021-06-02 00:00:00-04:00,4206.81982421875,4217.3701171875,4198.27001953125,4208.1201171875,5833670000,0.0,0.0
2021-06-03 00:00:00-04:00,4191.43017578125,4204.39013671875,4167.93017578125,4192.85009765625,5587970000,0.0,0.0
2021-06-04 00:00:00-04:00,4206.0498046875,4233.4501953125,4206.0498046875,4229.89013671875,4139790000,0.0,0.0
2021-06-07 00:00:00-04:00,4229.33984375,4232.33984375,4215.66015625,4226.52001953125,4476920000,0.0,0.0
2021-06-08 00:00:00-04:00,4233.81005859375,4236.740234375,4208.41015625,4227.259765625,4659620000,0.0,0.0
2021-06-09 00:00:00-04:00,4232.990234375,4237.08984375,4218.740234375,4219.5498046875,4713260000,0.0,0.0
2021-06-10 00:00:00-04:00,4228.56005859375,4249.740234375,4220.33984375,4239.18017578125,4408210000,0.0,0.0
2021-06-11 00:00:00-04:00,4242.89990234375,4248.3798828125,4232.25,4247.43994140625,3815010000,0.0,0.0
2021-06-14 00:00:00-04:00,4248.31005859375,4255.58984375,4234.06982421875,4255.14990234375,4151200000,0.0,0.0
2021-06-15 00:00:00-04:00,4255.27978515625,4257.16015625,4238.35009765625,4246.58984375,4048940000,0.0,0.0
2021-06-16 00:00:00-04:00,4248.8701171875,4251.89013671875,4202.4501953125,4223.7001953125,4538350000,0.0,0.0
2021-06-17 00:00:00-04:00,4220.3701171875,4232.2900390625,4196.0498046875,4221.85986328125,5312680000,0.0,0.0
2021-06-18 00:00:00-04:00,4204.77978515625,4204.77978515625,4164.39990234375,4166.4501953125,6817010000,0.0,0.0
2021-06-21 00:00:00-04:00,4173.39990234375,4226.240234375,4173.39990234375,4224.7900390625,4128950000,0.0,0.0
2021-06-22 00:00:00-04:00,4224.60986328125,4255.83984375,4217.27001953125,4246.43994140625,3828390000,0.0,0.0
2021-06-23 00:00:00-04:00,4249.27001953125,4256.60009765625,4241.43017578125,4241.83984375,3730350000,0.0,0.0
2021-06-24 00:00:00-04:00,4256.97021484375,4271.27978515625,4256.97021484375,4266.490234375,3816660000,0.0,0.0
2021-06-25 00:00:00-04:00,4274.4501953125,4286.1201171875,4271.16015625,4280.7001953125,7341450000,0.0,0.0
2021-06-28 00:00:00-04:00,4284.89990234375,4292.14013671875,4274.669921875,4290.60986328125,4147890000,0.0,0.0
2021-06-29 00:00:00-04:00,4293.2099609375,4300.52001953125,4287.0400390625,4291.7998046875,3707150000,0.0,0.0
2021-06-30 00:00:00-04:00,4290.64990234375,4302.43017578125,4287.9599609375,4297.5,4266040000,0.0,0.0
2021-07-01 00:00:00-04:00,4300.72998046875,4320.66015625,4300.72998046875,4319.93994140625,3788230000,0.0,0.0
2021-07-02 00:00:00-04:00,4326.60009765625,4355.43017578125,4326.60009765625,4352.33984375,3225840000,0.0,0.0
2021-07-06 00:00:00-04:00,4356.4599609375,4356.4599609375,4314.3701171875,4343.5400390625,4309570000,0.0,0.0
2021-07-07 00:00:00-04:00,4351.009765625,4361.8798828125,4329.7900390625,4358.1298828125,4037380000,0.0,0.0
2021-07-08 00:00:00-04:00,4321.06982421875,4330.8798828125,4289.3701171875,4320.81982421875,4347500000,0.0,0.0
2021-07-09 00:00:00-04:00,4329.3798828125,4371.60009765625,4329.3798828125,4369.5498046875,3531120000,0.0,0.0
2021-07-12 00:00:00-04:00,4372.41015625,4386.68017578125,4364.02978515625,4384.6298828125,3384460000,0.0,0.0
2021-07-13 00:00:00-04:00,4381.06982421875,4392.3701171875,4366.919921875,4369.2099609375,3695430000,0.0,0.0
2021-07-14 00:00:00-04:00,4380.10986328125,4393.68017578125,4362.35986328125,4374.2998046875,4006370000,0.0,0.0
2021-07-15 00:00:00-04:00,4369.02001953125,4369.02001953125,4340.7001953125,4360.02978515625,3905230000,0.0,0.0
2021-07-16 00:00:00-04:00,4367.43017578125,4375.08984375,4322.52978515625,4327.16015625,3985700000,0.0,0.0
2021-07-19 00:00:00-04:00,4296.39990234375,4296.39990234375,4233.1298828125,4258.490234375,5157660000,0.0,0.0
2021-07-20 00:00:00-04:00,4265.10986328125,4336.83984375,4262.0498046875,4323.06005859375,4438270000,0.0,0.0
2021-07-21 00:00:00-04:00,4331.1298828125,4359.7001953125,4331.1298828125,4358.68994140625,3810280000,0.0,0.0
2021-07-22 00:00:00-04:00,4361.27001953125,4369.8701171875,4350.06005859375,4367.47998046875,3358300000,0.0,0.0
2021-07-23 00:00:00-04:00,4381.2001953125,4415.18017578125,4381.2001953125,4411.7900390625,4540070000,0.0,0.0
2021-07-26 00:00:00-04:00,4409.580078125,4422.72998046875,4405.4501953125,4422.2998046875,4275630000,0.0,0.0
2021-07-27 00:00:00-04:00,4416.3798828125,4416.3798828125,4372.509765625,4401.4599609375,4241950000,0.0,0.0
2021-07-28 00:00:00-04:00,4402.9501953125,4415.47021484375,4387.009765625,4400.64013671875,4215290000,0.0,0.0
2021-07-29 00:00:00-04:00,4403.58984375,4429.97021484375,4403.58984375,4419.14990234375,4044600000,0.0,0.0
2021-07-30 00:00:00-04:00,4395.1201171875,4412.25,4389.64990234375,4395.259765625,3956740000,0.0,0.0
2021-08-02 00:00:00-04:00,4406.85986328125,4422.18017578125,4384.81005859375,4387.16015625,3724090000,0.0,0.0
2021-08-03 00:00:00-04:00,4392.740234375,4423.7900390625,4373.0,4423.14990234375,3965190000,0.0,0.0
2021-08-04 00:00:00-04:00,4415.9501953125,4416.169921875,4400.22998046875,4402.66015625,4260760000,0.0,0.0
2021-08-05 00:00:00-04:00,4408.85986328125,4429.759765625,4408.85986328125,4429.10009765625,3769410000,0.0,0.0
2021-08-06 00:00:00-04:00,4429.06982421875,4440.81982421875,4429.06982421875,4436.52001953125,3451870000,0.0,0.0
2021-08-09 00:00:00-04:00,4437.77001953125,4439.39013671875,4424.740234375,4432.35009765625,3449280000,0.0,0.0
2021-08-10 00:00:00-04:00,4435.7900390625,4445.2099609375,4430.02978515625,4436.75,3886610000,0.0,0.0
2021-08-11 00:00:00-04:00,4442.18017578125,4449.43994140625,4436.419921875,4442.41015625,3532560000,0.0,0.0
2021-08-12 00:00:00-04:00,4446.080078125,4461.77001953125,4435.9599609375,4460.830078125,3375310000,0.0,0.0
2021-08-13 00:00:00-04:00,4464.83984375,4468.3701171875,4460.81982421875,4468.0,3016470000,0.0,0.0
2021-08-16 00:00:00-04:00,4461.64990234375,4480.259765625,4437.66015625,4479.7099609375,3370640000,0.0,0.0
2021-08-17 00:00:00-04:00,4462.1201171875,4462.1201171875,4417.830078125,4448.080078125,3836960000,0.0,0.0
2021-08-18 00:00:00-04:00,4440.93994140625,4454.31982421875,4397.58984375,4400.27001953125,3755590000,0.0,0.0
2021-08-19 00:00:00-04:00,4382.43994140625,4418.60986328125,4367.72998046875,4405.7998046875,4398410000,0.0,0.0
2021-08-20 00:00:00-04:00,4410.56005859375,4444.35009765625,4406.7998046875,4441.669921875,3652610000,0.0,0.0
2021-08-23 00:00:00-04:00,4450.2900390625,4489.8798828125,4450.2900390625,4479.52978515625,3576530000,0.0,0.0
2021-08-24 00:00:00-04:00,4484.39990234375,4492.81005859375,4482.27978515625,4486.22998046875,3979220000,0.0,0.0
2021-08-25 00:00:00-04:00,4490.4501953125,4501.7099609375,4485.66015625,4496.18994140625,3444700000,0.0,0.0
2021-08-26 00:00:00-04:00,4493.75,4495.89990234375,4468.990234375,4470.0,3263980000,0.0,0.0
2021-08-27 00:00:00-04:00,4474.10009765625,4513.330078125,4474.10009765625,4509.3701171875,3331200000,0.0,0.0
2021-08-30 00:00:00-04:00,4513.759765625,4537.35986328125,4513.759765625,4528.7900390625,3168660000,0.0,0.0
2021-08-31 00:00:00-04:00,4529.75,4531.39013671875,4515.7998046875,4522.68017578125,4290710000,0.0,0.0
2021-09-01 00:00:00-04:00,4528.7998046875,4537.10986328125,4522.02001953125,4524.08984375,4057340000,0.0,0.0
2021-09-02 00:00:00-04:00,4534.47998046875,4545.85009765625,4524.66015625,4536.9501953125,3735990000,0.0,0.0
2021-09-03 00:00:00-04:00,4532.419921875,4541.4501953125,4521.2998046875,4535.43017578125,3217530000,0.0,0.0
2021-09-07 00:00:00-04:00,4535.3798828125,4535.3798828125,4513.0,4520.02978515625,3822960000,0.0,0.0
2021-09-08 00:00:00-04:00,4518.08984375,4521.7900390625,4493.9501953125,4514.06982421875,3750880000,0.0,0.0
2021-09-09 00:00:00-04:00,4513.02001953125,4529.89990234375,4492.06982421875,4493.27978515625,3735390000,0.0,0.0
2021-09-10 00:00:00-04:00,4506.919921875,4520.47021484375,4457.66015625,4458.580078125,3623180000,0.0,0.0
2021-09-13 00:00:00-04:00,4474.81005859375,4492.990234375,4445.7001953125,4468.72998046875,3914220000,0.0,0.0
2021-09-14 00:00:00-04:00,4479.330078125,4485.68017578125,4435.4599609375,4443.0498046875,3670460000,0.0,0.0
2021-09-15 00:00:00-04:00,4447.490234375,4486.8701171875,4438.3701171875,4480.7001953125,4032020000,0.0,0.0
2021-09-16 00:00:00-04:00,4477.08984375,4485.8701171875,4443.7998046875,4473.75,3984560000,0.0,0.0
2021-09-17 00:00:00-04:00,4469.740234375,4471.52001953125,4427.759765625,4432.990234375,7289530000,0.0,0.0
2021-09-20 00:00:00-04:00,4402.9501953125,4402.9501953125,4305.91015625,4357.72998046875,4898070000,0.0,0.0
2021-09-21 00:00:00-04:00,4374.4501953125,4394.8701171875,4347.9599609375,4354.18994140625,3920920000,0.0,0.0
2021-09-22 00:00:00-04:00,4367.43017578125,4416.75,4367.43017578125,4395.64013671875,3939170000,0.0,0.0
2021-09-23 00:00:00-04:00,4406.75,4465.39990234375,4406.75,4448.97998046875,3916350000,0.0,0.0
2021-09-24 00:00:00-04:00,4438.0400390625,4463.1201171875,4430.27001953125,4455.47998046875,3384290000,0.0,0.0
2021-09-27 00:00:00-04:00,4442.1201171875,4457.2998046875,4436.18994140625,4443.10986328125,4058650000,0.0,0.0
2021-09-28 00:00:00-04:00,4419.5400390625,4419.5400390625,4346.330078125,4352.6298828125,4416550000,0.0,0.0
2021-09-29 00:00:00-04:00,4362.41015625,4385.56982421875,4355.080078125,4359.4599609375,3712660000,0.0,0.0
2021-09-30 00:00:00-04:00,4370.669921875,4382.5498046875,4306.240234375,4307.5400390625,4448140000,0.0,0.0
2021-10-01 00:00:00-04:00,4317.16015625,4375.18994140625,4288.52001953125,4357.0400390625,4010370000,0.0,0.0
2021-10-04 00:00:00-04:00,4348.83984375,4355.509765625,4278.93994140625,4300.4599609375,4307870000,0.0,0.0
2021-10-05 00:00:00-04:00,4309.8701171875,4369.22998046875,4309.8701171875,4345.72021484375,3902890000,0.0,0.0
2021-10-06 00:00:00-04:00,4319.56982421875,4365.56982421875,4290.490234375,4363.5498046875,4009630000,0.0,0.0
2021-10-07 00:00:00-04:00,4383.72998046875,4429.97021484375,4383.72998046875,4399.759765625,3843740000,0.0,0.0
2021-10-08 00:00:00-04:00,4406.509765625,4412.02001953125,4386.22021484375,4391.33984375,3280160000,0.0,0.0
2021-10-11 00:00:00-04:00,4385.43994140625,4415.8798828125,4360.58984375,4361.18994140625,3281970000,0.0,0.0
2021-10-12 00:00:00-04:00,4368.31005859375,4374.89013671875,4342.08984375,4350.64990234375,3558450000,0.0,0.0
2021-10-13 00:00:00-04:00,4358.009765625,4372.8701171875,4329.919921875,4363.7998046875,3620070000,0.0,0.0
2021-10-14 00:00:00-04:00,4386.75,4439.72998046875,4386.75,4438.259765625,3598280000,0.0,0.0
2021-10-15 00:00:00-04:00,4447.68994140625,4475.81982421875,4447.68994140625,4471.3701171875,3819380000,0.0,0.0
2021-10-18 00:00:00-04:00,4463.72021484375,4488.75,4447.47021484375,4486.4599609375,3662010000,0.0,0.0
2021-10-19 00:00:00-04:00,4497.33984375,4520.39990234375,4496.41015625,4519.6298828125,3459130000,0.0,0.0
2021-10-20 00:00:00-04:00,4524.419921875,4540.8701171875,4524.39990234375,4536.18994140625,3670760000,0.0,0.0
2021-10-21 00:00:00-04:00,4532.240234375,4551.43994140625,4526.89013671875,4549.77978515625,3822330000,0.0,0.0
2021-10-22 00:00:00-04:00,4546.1201171875,4559.669921875,4524.0,4544.89990234375,3758220000,0.0,0.0
2021-10-25 00:00:00-04:00,4553.68994140625,4572.6201171875,4537.35986328125,4566.47998046875,3899400000,0.0,0.0
2021-10-26 00:00:00-04:00,4578.68994140625,4598.52978515625,4569.169921875,4574.7900390625,3879740000,0.0,0.0
2021-10-27 00:00:00-04:00,4580.22021484375,4584.56982421875,4551.66015625,4551.68017578125,4226050000,0.0,0.0
2021-10-28 00:00:00-04:00,4562.83984375,4597.5498046875,4562.83984375,4596.419921875,4132950000,0.0,0.0
2021-10-29 00:00:00-04:00,4572.8701171875,4608.080078125,4567.58984375,4605.3798828125,4510200000,0.0,0.0
2021-11-01 00:00:00-04:00,4610.6201171875,4620.33984375,4595.06005859375,4613.669921875,3971540000,0.0,0.0
2021-11-02 00:00:00-04:00,4613.33984375,4635.14990234375,4613.33984375,4630.64990234375,3975250000,0.0,0.0
2021-11-03 00:00:00-04:00,4630.64990234375,4663.4599609375,4621.18994140625,4660.56982421875,4319660000,0.0,0.0
2021-11-04 00:00:00-04:00,4662.93017578125,4683.0,4662.58984375,4680.06005859375,4462300000,0.0,0.0
2021-11-05 00:00:00-04:00,4699.259765625,4718.5,4681.31982421875,4697.52978515625,4467180000,0.0,0.0
2021-11-08 00:00:00-05:00,4701.47998046875,4714.919921875,4694.39013671875,4701.7001953125,4269710000,0.0,0.0
2021-11-09 00:00:00-05:00,4707.25,4708.52978515625,4670.8701171875,4685.25,4117080000,0.0,0.0
2021-11-10 00:00:00-05:00,4670.259765625,4684.85009765625,4630.85986328125,4646.7099609375,4503720000,0.0,0.0
2021-11-11 00:00:00-05:00,4659.39013671875,4664.5498046875,4648.31005859375,4649.27001953125,3926870000,0.0,0.0
2021-11-12 00:00:00-05:00,4655.240234375,4688.47021484375,4650.77001953125,4682.85009765625,3728600000,0.0,0.0
2021-11-15 00:00:00-05:00,4689.2998046875,4697.419921875,4672.85986328125,4682.7998046875,3488410000,0.0,0.0
2021-11-16 00:00:00-05:00,4679.419921875,4714.9501953125,4679.419921875,4700.89990234375,3972640000,0.0,0.0
2021-11-17 00:00:00-05:00,4701.5,4701.5,4684.41015625,4688.669921875,3969070000,0.0,0.0
2021-11-18 00:00:00-05:00,4700.72021484375,4708.7998046875,4672.77978515625,4704.5400390625,4226410000,0.0,0.0
2021-11-19 00:00:00-05:00,4708.43994140625,4717.75,4694.22021484375,4697.9599609375,4253180000,0.0,0.0
2021-11-22 00:00:00-05:00,4712.0,4743.830078125,4682.169921875,4682.93994140625,4441100000,0.0,0.0
2021-11-23 00:00:00-05:00,4678.47998046875,4699.39013671875,4652.66015625,4690.7001953125,4277590000,0.0,0.0
2021-11-24 00:00:00-05:00,4675.77978515625,4702.8701171875,4659.89013671875,4701.4599609375,3418430000,0.0,0.0
2021-11-26 00:00:00-05:00,4664.6298828125,4664.6298828125,4585.43017578125,4594.6201171875,3517700000,0.0,0.0
2021-11-29 00:00:00-05:00,4628.75,4672.9501953125,4625.259765625,4655.27001953125,4336410000,0.0,0.0
2021-11-30 00:00:00-05:00,4640.25,4646.02001953125,4560.0,4567.0,6625990000,0.0,0.0
2021-12-01 00:00:00-05:00,4602.81982421875,4652.93994140625,4510.27001953125,4513.0400390625,5366730000,0.0,0.0
2021-12-02 00:00:00-05:00,4504.72998046875,4595.4599609375,4504.72998046875,4577.10009765625,5077180000,0.0,0.0
2021-12-03 00:00:00-05:00,4589.490234375,4608.02978515625,4495.1201171875,4538.43017578125,5240070000,0.0,0.0
2021-12-06 00:00:00-05:00,4548.3701171875,4612.60009765625,4540.509765625,4591.669921875,4770800000,0.0,0.0
2021-12-07 00:00:00-05:00,4631.97021484375,4694.0400390625,4631.97021484375,4686.75,4492400000,0.0,0.0
2021-12-08 00:00:00-05:00,4690.85986328125,4705.06005859375,4674.52001953125,4701.2099609375,4234600000,0.0,0.0
2021-12-09 00:00:00-05:00,4691.0,4695.259765625,4665.97998046875,4667.4501953125,3903840000,0.0,0.0
2021-12-10 00:00:00-05:00,4687.64013671875,4713.56982421875,4670.240234375,4712.02001953125,3870110000,0.0,0.0
2021-12-13 00:00:00-05:00,4710.2998046875,4710.2998046875,4667.60009765625,4668.97021484375,4397230000,0.0,0.0
2021-12-14 00:00:00-05:00,4642.990234375,4660.47021484375,4606.52001953125,4634.08984375,4485430000,0.0,0.0
2021-12-15 00:00:00-05:00,4636.4599609375,4712.60009765625,4611.22021484375,4709.85009765625,4910130000,0.0,0.0
2021-12-16 00:00:00-05:00,4719.1298828125,4731.990234375,4651.89013671875,4668.669921875,4829500000,0.0,0.0
2021-12-17 00:00:00-05:00,4652.5,4666.7001953125,4600.22021484375,4620.64013671875,7987090000,0.0,0.0
2021-12-20 00:00:00-05:00,4587.89990234375,4587.89990234375,4531.10009765625,4568.02001953125,4635700000,0.0,0.0
2021-12-21 00:00:00-05:00,4594.9599609375,4651.14013671875,4583.16015625,4649.22998046875,4072430000,0.0,0.0
2021-12-22 00:00:00-05:00,4650.35986328125,4697.669921875,4645.52978515625,4696.56005859375,3319610000,0.0,0.0
2021-12-23 00:00:00-05:00,4703.9599609375,4740.740234375,4703.9599609375,4725.7900390625,2913040000,0.0,0.0
2021-12-27 00:00:00-05:00,4733.990234375,4791.490234375,4733.990234375,4791.18994140625,2770290000,0.0,0.0
2021-12-28 00:00:00-05:00,4795.490234375,4807.02001953125,4780.0400390625,4786.35009765625,2707920000,0.0,0.0
2021-12-29 00:00:00-05:00,4788.64013671875,4804.06005859375,4778.080078125,4793.06005859375,2963310000,0.0,0.0
2021-12-30 00:00:00-05:00,4794.22998046875,4808.93017578125,4775.330078125,4778.72998046875,3124950000,0.0,0.0
2021-12-31 00:00:00-05:00,4775.2099609375,4786.830078125,4765.75,4766.18017578125,2677820000,0.0,0.0
2022-01-03 00:00:00-05:00,4778.14013671875,4796.64013671875,4758.169921875,4796.56005859375,3831020000,0.0,0.0
2022-01-04 00:00:00-05:00,4804.509765625,4818.6201171875,4774.27001953125,4793.5400390625,4683170000,0.0,0.0
2022-01-05 00:00:00-05:00,4787.990234375,4797.7001953125,4699.43994140625,4700.580078125,4887960000,0.0,0.0
2022-01-06 00:00:00-05:00,4693.39013671875,4725.009765625,4671.259765625,4696.0498046875,4295280000,0.0,0.0
2022-01-07 00:00:00-05:00,4697.66015625,4707.9501953125,4662.740234375,4677.02978515625,4181510000,0.0,0.0
2022-01-10 00:00:00-05:00,4655.33984375,4673.02001953125,4582.240234375,4670.2900390625,4511810000,0.0,0.0
2022-01-11 00:00:00-05:00,4669.14013671875,4714.1298828125,4638.27001953125,4713.06982421875,4101590000,0.0,0.0
2022-01-12 00:00:00-05:00,4728.58984375,4748.830078125,4706.7099609375,4726.35009765625,4048220000,0.0,0.0
2022-01-13 00:00:00-05:00,4733.56005859375,4744.1298828125,4650.2900390625,4659.02978515625,4251730000,0.0,0.0
2022-01-14 00:00:00-05:00,4637.990234375,4665.1298828125,4614.75,4662.85009765625,4338490000,0.0,0.0
2022-01-18 00:00:00-05:00,4632.240234375,4632.240234375,4568.7001953125,4577.10986328125,4748700000,0.0,0.0
2022-01-19 00:00:00-05:00,4588.02978515625,4611.5498046875,4530.2001953125,4532.759765625,4465740000,0.0,0.0
2022-01-20 00:00:00-05:00,4547.35009765625,4602.10986328125,4477.9501953125,4482.72998046875,4640870000,0.0,0.0
2022-01-21 00:00:00-05:00,4471.3798828125,4494.52001953125,4395.33984375,4397.93994140625,5589100000,0.0,0.0
2022-01-24 00:00:00-05:00,4356.31982421875,4417.35009765625,4222.6201171875,4410.1298828125,6928110000,0.0,0.0
2022-01-25 00:00:00-05:00,4366.64013671875,4411.009765625,4287.10986328125,4356.4501953125,5145050000,0.0,0.0
2022-01-26 00:00:00-05:00,4408.43017578125,4453.22998046875,4304.7998046875,4349.93017578125,5570640000,0.0,0.0
2022-01-27 00:00:00-05:00,4380.580078125,4428.740234375,4309.5,4326.509765625,5214200000,0.0,0.0
2022-01-28 00:00:00-05:00,4336.18994140625,4432.72021484375,4292.4599609375,4431.85009765625,5031090000,0.0,0.0
2022-01-31 00:00:00-05:00,4431.7900390625,4516.89013671875,4414.02001953125,4515.5498046875,5098610000,0.0,0.0
2022-02-01 00:00:00-05:00,4519.56982421875,4550.490234375,4483.52978515625,4546.5400390625,4816830000,0.0,0.0
2022-02-02 00:00:00-05:00,4566.39013671875,4595.31005859375,4544.31982421875,4589.3798828125,4481580000,0.0,0.0
2022-02-03 00:00:00-05:00,4535.41015625,4542.8798828125,4470.39013671875,4477.43994140625,4401970000,0.0,0.0
2022-02-04 00:00:00-05:00,4482.7900390625,4539.66015625,4451.5,4500.52978515625,4706290000,0.0,0.0
2022-02-07 00:00:00-05:00,4505.75,4521.85986328125,4471.47021484375,4483.8701171875,4228480000,0.0,0.0
2022-02-08 00:00:00-05:00,4480.02001953125,4531.31982421875,4465.39990234375,4521.5400390625,4459620000,0.0,0.0
2022-02-09 00:00:00-05:00,4547.0,4590.02978515625,4547.0,4587.18017578125,4524350000,0.0,0.0
2022-02-10 00:00:00-05:00,4553.240234375,4588.919921875,4484.31005859375,4504.080078125,5314860000,0.0,0.0
2022-02-11 00:00:00-05:00,4506.27001953125,4526.330078125,4401.41015625,4418.64013671875,5251500000,0.0,0.0
2022-02-14 00:00:00-05:00,4412.60986328125,4426.22021484375,4364.83984375,4401.669921875,4600390000,0.0,0.0
2022-02-15 00:00:00-05:00,4429.27978515625,4472.77001953125,4429.27978515625,4471.06982421875,4430830000,0.0,0.0
2022-02-16 00:00:00-05:00,4455.75,4489.5498046875,4429.68017578125,4475.009765625,4283640000,0.0,0.0
2022-02-17 00:00:00-05:00,4456.06005859375,4456.06005859375,4373.81005859375,4380.259765625,4539420000,0.0,0.0
2022-02-18 00:00:00-05:00,4384.56982421875,4394.60009765625,4327.22021484375,4348.8701171875,4708060000,0.0,0.0
2022-02-22 00:00:00-05:00,4332.740234375,4362.1201171875,4267.10986328125,4304.759765625,5121900000,0.0,0.0
2022-02-23 00:00:00-05:00,4324.93017578125,4341.509765625,4221.509765625,4225.5,4797430000,0.0,0.0
2022-02-24 00:00:00-05:00,4155.77001953125,4294.72998046875,4114.64990234375,4288.7001953125,6752130000,0.0,0.0
2022-02-25 00:00:00-05:00,4298.3798828125,4385.33984375,4286.830078125,4384.64990234375,5177060000,0.0,0.0
2022-02-28 00:00:00-05:00,4354.169921875,4388.83984375,4315.1201171875,4373.93994140625,6071370000,0.0,0.0
2022-03-01 00:00:00-05:00,4363.14013671875,4378.4501953125,4279.5400390625,4306.259765625,5846230000,0.0,0.0
2022-03-02 00:00:00-05:00,4322.56005859375,4401.47998046875,4322.56005859375,4386.5400390625,5337870000,0.0,0.0
2022-03-03 00:00:00-05:00,4401.31005859375,4416.77978515625,4345.56005859375,4363.490234375,5039890000,0.0,0.0
2022-03-04 00:00:00-05:00,4342.1201171875,4342.1201171875,4284.97998046875,4328.8701171875,5797380000,0.0,0.0
2022-03-07 00:00:00-05:00,4327.009765625,4327.009765625,4199.85009765625,4201.08984375,6940470000,0.0,0.0
2022-03-08 00:00:00-05:00,4202.66015625,4276.93994140625,4157.8701171875,4170.7001953125,7243120000,0.0,0.0
2022-03-09 00:00:00-05:00,4223.10009765625,4299.39990234375,4223.10009765625,4277.8798828125,5662670000,0.0,0.0
2022-03-10 00:00:00-05:00,4252.5498046875,4268.27978515625,4209.7998046875,4259.52001953125,4980830000,0.0,0.0
2022-03-11 00:00:00-05:00,4279.5,4291.009765625,4200.490234375,4204.31005859375,4938640000,0.0,0.0
2022-03-14 00:00:00-04:00,4202.75,4247.56982421875,4161.72021484375,4173.10986328125,5574920000,0.0,0.0
2022-03-15 00:00:00-04:00,4188.81982421875,4271.0498046875,4187.89990234375,4262.4501953125,5392470000,0.0,0.0
2022-03-16 00:00:00-04:00,4288.14013671875,4358.89990234375,4251.990234375,4357.85986328125,6309750000,0.0,0.0
2022-03-17 00:00:00-04:00,4345.10986328125,4412.669921875,4335.64990234375,4411.669921875,4985090000,0.0,0.0
2022-03-18 00:00:00-04:00,4407.33984375,4465.39990234375,4390.56982421875,4463.1201171875,8278430000,0.0,0.0
2022-03-21 00:00:00-04:00,4462.39990234375,4481.75,4424.2998046875,4461.18017578125,4869820000,0.0,0.0
2022-03-22 00:00:00-04:00,4469.10009765625,4522.0,4469.10009765625,4511.60986328125,4754840000,0.0,0.0
2022-03-23 00:00:00-04:00,4493.10009765625,4501.06982421875,4455.81005859375,4456.240234375,4550670000,0.0,0.0
2022-03-24 00:00:00-04:00,4469.97998046875,4520.580078125,4465.169921875,4520.16015625,4131390000,0.0,0.0
2022-03-25 00:00:00-04:00,4522.91015625,4546.02978515625,4501.06982421875,4543.06005859375,4305020000,0.0,0.0
2022-03-28 00:00:00-04:00,4541.08984375,4575.64990234375,4517.68994140625,4575.52001953125,4312260000,0.0,0.0
2022-03-29 00:00:00-04:00,4602.85986328125,4637.2998046875,4589.66015625,4631.60009765625,5085910000,0.0,0.0
2022-03-30 00:00:00-04:00,4624.2001953125,4627.77001953125,4581.31982421875,4602.4501953125,4385570000,0.0,0.0
2022-03-31 00:00:00-04:00,4599.02001953125,4603.06982421875,4530.41015625,4530.41015625,4823020000,0.0,0.0
2022-04-01 00:00:00-04:00,4540.31982421875,4548.7001953125,4507.56982421875,4545.85986328125,4562940000,0.0,0.0
2022-04-04 00:00:00-04:00,4547.97021484375,4583.5,4539.2099609375,4582.64013671875,4547350000,0.0,0.0
2022-04-05 00:00:00-04:00,4572.4501953125,4593.4501953125,4514.169921875,4525.1201171875,4800620000,0.0,0.0
2022-04-06 00:00:00-04:00,4494.169921875,4503.93994140625,4450.0400390625,4481.14990234375,4986830000,0.0,0.0
2022-04-07 00:00:00-04:00,4474.64990234375,4521.16015625,4450.2998046875,4500.2099609375,4821490000,0.0,0.0
2022-04-08 00:00:00-04:00,4494.14990234375,4520.41015625,4474.60009765625,4488.27978515625,4083200000,0.0,0.0
2022-04-11 00:00:00-04:00,4462.64013671875,4464.35009765625,4408.3798828125,4412.52978515625,4266290000,0.0,0.0
2022-04-12 00:00:00-04:00,4437.58984375,4471.0,4381.33984375,4397.4501953125,4152090000,0.0,0.0
2022-04-13 00:00:00-04:00,4394.2998046875,4453.919921875,4392.7001953125,4446.58984375,3828150000,0.0,0.0
2022-04-14 00:00:00-04:00,4449.1201171875,4460.4599609375,4390.77001953125,4392.58984375,4083090000,0.0,0.0
2022-04-18 00:00:00-04:00,4385.6298828125,4410.31005859375,4370.2998046875,4391.68994140625,3910490000,0.0,0.0
2022-04-19 00:00:00-04:00,4390.6298828125,4471.02978515625,4390.6298828125,4462.2099609375,4108120000,0.0,0.0
2022-04-20 00:00:00-04:00,4472.259765625,4488.2900390625,4448.759765625,4459.4501953125,4290450000,0.0,0.0
2022-04-21 00:00:00-04:00,4489.169921875,4512.93994140625,4384.47021484375,4393.66015625,4636890000,0.0,0.0
2022-04-22 00:00:00-04:00,4385.830078125,4385.830078125,4267.6201171875,4271.77978515625,4651940000,0.0,0.0
2022-04-25 00:00:00-04:00,4255.33984375,4299.02001953125,4200.81982421875,4296.1201171875,5240040000,0.0,0.0
2022-04-26 00:00:00-04:00,4278.14013671875,4278.14013671875,4175.0400390625,4175.2001953125,4689970000,0.0,0.0
2022-04-27 00:00:00-04:00,4186.52001953125,4240.7099609375,4162.89990234375,4183.9599609375,4769680000,0.0,0.0
2022-04-28 00:00:00-04:00,4222.580078125,4308.4501953125,4188.6298828125,4287.5,4854180000,0.0,0.0
2022-04-29 00:00:00-04:00,4253.75,4269.68017578125,4124.27978515625,4131.93017578125,5084030000,0.0,0.0
2022-05-02 00:00:00-04:00,4130.60986328125,4169.81005859375,4062.510009765625,4155.3798828125,5163790000,0.0,0.0
2022-05-03 00:00:00-04:00,4159.77978515625,4200.10009765625,4147.080078125,4175.47998046875,4582050000,0.0,0.0
2022-05-04 00:00:00-04:00,4181.18017578125,4307.66015625,4148.91015625,4300.169921875,5136360000,0.0,0.0
2022-05-05 00:00:00-04:00,4270.43017578125,4270.43017578125,4106.009765625,4146.8701171875,5077030000,0.0,0.0
2022-05-06 00:00:00-04:00,4128.169921875,4157.68994140625,4067.909912109375,4123.33984375,5116940000,0.0,0.0
2022-05-09 00:00:00-04:00,4081.27001953125,4081.27001953125,3975.47998046875,3991.239990234375,5954520000,0.0,0.0
2022-05-10 00:00:00-04:00,4035.179931640625,4068.820068359375,3958.169921875,4001.050048828125,5885820000,0.0,0.0
2022-05-11 00:00:00-04:00,3990.080078125,4049.090087890625,3928.820068359375,3935.179931640625,5816140000,0.0,0.0
2022-05-12 00:00:00-04:00,3903.949951171875,3964.800048828125,3858.8701171875,3930.080078125,6286450000,0.0,0.0
2022-05-13 00:00:00-04:00,3963.89990234375,4038.8798828125,3963.89990234375,4023.889892578125,5183340000,0.0,0.0
2022-05-16 00:00:00-04:00,4013.02001953125,4046.4599609375,3983.989990234375,4008.010009765625,4415030000,0.0,0.0
2022-05-17 00:00:00-04:00,4052.0,4090.719970703125,4033.929931640625,4088.85009765625,4841410000,0.0,0.0
2022-05-18 00:00:00-04:00,4051.97998046875,4051.97998046875,3911.909912109375,3923.679931640625,5103220000,0.0,0.0
2022-05-19 00:00:00-04:00,3899.0,3945.9599609375,3876.580078125,3900.7900390625,5113550000,0.0,0.0
2022-05-20 00:00:00-04:00,3927.760009765625,3943.419921875,3810.320068359375,3901.360107421875,5130730000,0.0,0.0
2022-05-23 00:00:00-04:00,3919.419921875,3981.8798828125,3909.0400390625,3973.75,4420030000,0.0,0.0
2022-05-24 00:00:00-04:00,3942.93994140625,3955.679931640625,3875.1298828125,3941.47998046875,4923190000,0.0,0.0
2022-05-25 00:00:00-04:00,3929.590087890625,3999.330078125,3925.030029296875,3978.72998046875,4802560000,0.0,0.0
2022-05-26 00:00:00-04:00,3984.60009765625,4075.139892578125,3984.60009765625,4057.840087890625,4709970000,0.0,0.0
2022-05-27 00:00:00-04:00,4077.429931640625,4158.490234375,4077.429931640625,4158.240234375,4375620000,0.0,0.0
2022-05-31 00:00:00-04:00,4151.08984375,4168.33984375,4104.8798828125,4132.14990234375,6822640000,0.0,0.0
2022-06-01 00:00:00-04:00,4149.77978515625,4166.5400390625,4073.85009765625,4101.22998046875,4531800000,0.0,0.0
2022-06-02 00:00:00-04:00,4095.409912109375,4177.509765625,4074.3701171875,4176.81982421875,4405790000,0.0,0.0
2022-06-03 00:00:00-04:00,4137.56982421875,4142.669921875,4098.669921875,4108.5400390625,3711110000,0.0,0.0
2022-06-06 00:00:00-04:00,4134.72021484375,4168.77978515625,4109.18017578125,4121.43017578125,4332700000,0.0,0.0
2022-06-07 00:00:00-04:00,4096.47021484375,4164.85986328125,4080.18994140625,4160.68017578125,4248210000,0.0,0.0
2022-06-08 00:00:00-04:00,4147.1201171875,4160.14013671875,4107.2001953125,4115.77001953125,4159470000,0.0,0.0
2022-06-09 00:00:00-04:00,4101.64990234375,4119.10009765625,4017.169921875,4017.820068359375,4134170000,0.0,0.0
2022-06-10 00:00:00-04:00,3974.389892578125,3974.389892578125,3900.159912109375,3900.860107421875,4889640000,0.0,0.0
2022-06-13 00:00:00-04:00,3838.14990234375,3838.14990234375,3734.300048828125,3749.6298828125,5636890000,0.0,0.0
2022-06-14 00:00:00-04:00,3763.52001953125,3778.179931640625,3705.679931640625,3735.47998046875,5153890000,0.0,0.0
2022-06-15 00:00:00-04:00,3764.050048828125,3837.56005859375,3722.300048828125,3789.989990234375,5530480000,0.0,0.0
2022-06-16 00:00:00-04:00,3728.179931640625,3728.179931640625,3639.77001953125,3666.77001953125,5644930000,0.0,0.0
2022-06-17 00:00:00-04:00,3665.89990234375,3707.7099609375,3636.8701171875,3674.840087890625,8520740000,0.0,0.0
2022-06-21 00:00:00-04:00,3715.31005859375,3779.64990234375,3715.31005859375,3764.7900390625,5292260000,0.0,0.0
2022-06-22 00:00:00-04:00,3733.889892578125,3801.7900390625,3717.68994140625,3759.889892578125,5058990000,0.0,0.0
2022-06-23 00:00:00-04:00,3774.7099609375,3802.580078125,3743.52001953125,3795.72998046875,5098640000,0.0,0.0
2022-06-24 00:00:00-04:00,3821.75,3913.64990234375,3821.75,3911.739990234375,8120260000,0.0,0.0
2022-06-27 00:00:00-04:00,3920.760009765625,3927.719970703125,3889.659912109375,3900.110107421875,4325310000,0.0,0.0
2022-06-28 00:00:00-04:00,3913.0,3945.860107421875,3820.139892578125,3821.550048828125,4270120000,0.0,0.0
2022-06-29 00:00:00-04:00,3825.090087890625,3836.5,3799.02001953125,3818.830078125,4211240000,0.0,0.0
2022-06-30 00:00:00-04:00,3785.989990234375,3818.989990234375,3738.669921875,3785.3798828125,4840070000,0.0,0.0
2022-07-01 00:00:00-04:00,3781.0,3829.820068359375,3752.10009765625,3825.330078125,4046950000,0.0,0.0
2022-07-05 00:00:00-04:00,3792.610107421875,3832.18994140625,3742.06005859375,3831.389892578125,5076590000,0.0,0.0
2022-07-06 00:00:00-04:00,3831.97998046875,3870.909912109375,3809.3701171875,3845.080078125,4417720000,0.0,0.0
2022-07-07 00:00:00-04:00,3858.85009765625,3910.6298828125,3858.85009765625,3902.6201171875,4057770000,0.0,0.0
2022-07-08 00:00:00-04:00,3888.260009765625,3918.5,3869.340087890625,3899.3798828125,3521620000,0.0,0.0
2022-07-11 00:00:00-04:00,3880.93994140625,3880.93994140625,3847.219970703125,3854.429931640625,3423480000,0.0,0.0
2022-07-12 00:00:00-04:00,3851.949951171875,3873.409912109375,3802.360107421875,3818.800048828125,3817210000,0.0,0.0
2022-07-13 00:00:00-04:00,3779.669921875,3829.43994140625,3759.070068359375,3801.780029296875,4109390000,0.0,0.0
2022-07-14 00:00:00-04:00,3763.989990234375,3796.409912109375,3721.56005859375,3790.3798828125,4199690000,0.0,0.0
2022-07-15 00:00:00-04:00,3818.0,3863.6201171875,3817.179931640625,3863.159912109375,4143800000,0.0,0.0
2022-07-18 00:00:00-04:00,3883.7900390625,3902.43994140625,3818.6298828125,3830.85009765625,4046870000,0.0,0.0
2022-07-19 00:00:00-04:00,3860.72998046875,3939.81005859375,3860.72998046875,3936.68994140625,4041070000,0.0,0.0
2022-07-20 00:00:00-04:00,3935.320068359375,3974.1298828125,3922.030029296875,3959.89990234375,4185300000,0.0,0.0
2022-07-21 00:00:00-04:00,3955.469970703125,3999.2900390625,3927.639892578125,3998.949951171875,4132790000,0.0,0.0
2022-07-22 00:00:00-04:00,3998.429931640625,4012.43994140625,3938.860107421875,3961.6298828125,3979240000,0.0,0.0
2022-07-25 00:00:00-04:00,3965.719970703125,3975.300048828125,3943.4599609375,3966.840087890625,3568340000,0.0,0.0
2022-07-26 00:00:00-04:00,3953.219970703125,3953.219970703125,3910.739990234375,3921.050048828125,3778950000,0.0,0.0
2022-07-27 00:00:00-04:00,3951.429931640625,4039.56005859375,3951.429931640625,4023.610107421875,4112180000,0.0,0.0
2022-07-28 00:00:00-04:00,4026.1298828125,4078.949951171875,3992.969970703125,4072.429931640625,4413000000,0.0,0.0
2022-07-29 00:00:00-04:00,4087.330078125,4140.14990234375,4079.219970703125,4130.2900390625,4616360000,0.0,0.0
2022-08-01 00:00:00-04:00,4112.3798828125,4144.9501953125,4096.02001953125,4118.6298828125,4202810000,0.0,0.0
2022-08-02 00:00:00-04:00,4104.2099609375,4140.47021484375,4079.81005859375,4091.18994140625,4727710000,0.0,0.0
2022-08-03 00:00:00-04:00,4107.9599609375,4167.66015625,4107.9599609375,4155.169921875,4351760000,0.0,0.0
2022-08-04 00:00:00-04:00,4154.85009765625,4161.2900390625,4135.419921875,4151.93994140625,4283320000,0.0,0.0
2022-08-05 00:00:00-04:00,4115.8701171875,4151.580078125,4107.31005859375,4145.18994140625,4085940000,0.0,0.0
2022-08-08 00:00:00-04:00,4155.93017578125,4186.6201171875,4128.97021484375,4140.06005859375,4221090000,0.0,0.0
2022-08-09 00:00:00-04:00,4133.10986328125,4137.2998046875,4112.08984375,4122.47021484375,3913090000,0.0,0.0
2022-08-10 00:00:00-04:00,4181.02001953125,4211.02978515625,4177.259765625,4210.240234375,4546010000,0.0,0.0
2022-08-11 00:00:00-04:00,4227.39990234375,4257.91015625,4201.41015625,4207.27001953125,4630200000,0.0,0.0
2022-08-12 00:00:00-04:00,4225.02001953125,4280.47021484375,4219.77978515625,4280.14990234375,3788010000,0.0,0.0
2022-08-15 00:00:00-04:00,4269.3701171875,4301.7900390625,4256.89990234375,4297.14013671875,3696830000,0.0,0.0
2022-08-16 00:00:00-04:00,4290.4599609375,4325.27978515625,4277.77001953125,4305.2001953125,4329820000,0.0,0.0
2022-08-17 00:00:00-04:00,4280.39990234375,4302.18017578125,4253.080078125,4274.0400390625,3885030000,0.0,0.0
2022-08-18 00:00:00-04:00,4273.1298828125,4292.52978515625,4261.97998046875,4283.740234375,3340330000,0.0,0.0
2022-08-19 00:00:00-04:00,4266.31005859375,4266.31005859375,4218.7001953125,4228.47998046875,3761340000,0.0,0.0
2022-08-22 00:00:00-04:00,4195.080078125,4195.080078125,4129.85986328125,4137.990234375,3907430000,0.0,0.0
2022-08-23 00:00:00-04:00,4133.08984375,4159.77001953125,4124.02978515625,4128.72998046875,3823520000,0.0,0.0
2022-08-24 00:00:00-04:00,4126.5498046875,4156.56005859375,4119.97021484375,4140.77001953125,3583630000,0.0,0.0
2022-08-25 00:00:00-04:00,4153.259765625,4200.5400390625,4147.58984375,4199.1201171875,3566870000,0.0,0.0
2022-08-26 00:00:00-04:00,4198.740234375,4203.0400390625,4057.659912109375,4057.659912109375,3832750000,0.0,0.0
2022-08-29 00:00:00-04:00,4034.580078125,4062.989990234375,4017.419921875,4030.610107421875,3396510000,0.0,0.0
2022-08-30 00:00:00-04:00,4041.25,4044.97998046875,3965.2099609375,3986.159912109375,3835860000,0.0,0.0
2022-08-31 00:00:00-04:00,4000.669921875,4015.3701171875,3954.530029296875,3955.0,4542490000,0.0,0.0
2022-09-01 00:00:00-04:00,3936.72998046875,3970.22998046875,3903.64990234375,3966.85009765625,4152250000,0.0,0.0
2022-09-02 00:00:00-04:00,3994.659912109375,4018.429931640625,3906.2099609375,3924.260009765625,3665850000,0.0,0.0
2022-09-06 00:00:00-04:00,3930.889892578125,3942.550048828125,3886.75,3908.18994140625,4127340000,0.0,0.0
2022-09-07 00:00:00-04:00,3909.429931640625,3987.889892578125,3906.030029296875,3979.8701171875,3890320000,0.0,0.0
2022-09-08 00:00:00-04:00,3959.93994140625,4010.5,3944.81005859375,4006.179931640625,3966850000,0.0,0.0
2022-09-09 00:00:00-04:00,4022.93994140625,4076.81005859375,4022.93994140625,4067.360107421875,3901940000,0.0,0.0
2022-09-12 00:00:00-04:00,4083.669921875,4119.27978515625,4083.669921875,4110.41015625,3814200000,0.0,0.0
2022-09-13 00:00:00-04:00,4037.1201171875,4037.1201171875,3921.280029296875,3932.68994140625,4224550000,0.0,0.0
2022-09-14 00:00:00-04:00,3940.72998046875,3961.93994140625,3912.179931640625,3946.010009765625,4293240000,0.0,0.0
2022-09-15 00:00:00-04:00,3932.409912109375,3959.139892578125,3888.280029296875,3901.35009765625,4441830000,0.0,0.0
2022-09-16 00:00:00-04:00,3880.949951171875,3880.949951171875,3837.080078125,3873.330078125,7954650000,0.0,0.0
2022-09-19 00:00:00-04:00,3849.909912109375,3900.449951171875,3838.5,3899.889892578125,3766850000,0.0,0.0
2022-09-20 00:00:00-04:00,3875.22998046875,3876.010009765625,3827.5400390625,3855.929931640625,4058050000,0.0,0.0
2022-09-21 00:00:00-04:00,3871.39990234375,3907.070068359375,3789.489990234375,3789.929931640625,4078330000,0.0,0.0
2022-09-22 00:00:00-04:00,3782.360107421875,3790.89990234375,3749.449951171875,3757.989990234375,4284600000,0.0,0.0
2022-09-23 00:00:00-04:00,3727.139892578125,3727.139892578125,3647.469970703125,3693.22998046875,5144270000,0.0,0.0
2022-09-26 00:00:00-04:00,3682.719970703125,3715.669921875,3644.760009765625,3655.0400390625,4886140000,0.0,0.0
2022-09-27 00:00:00-04:00,3686.43994140625,3717.530029296875,3623.2900390625,3647.2900390625,4577740000,0.0,0.0
2022-09-28 00:00:00-04:00,3651.93994140625,3736.739990234375,3640.610107421875,3719.0400390625,4684850000,0.0,0.0
2022-09-29 00:00:00-04:00,3687.010009765625,3687.010009765625,3610.39990234375,3640.469970703125,4681810000,0.0,0.0
2022-09-30 00:00:00-04:00,3633.47998046875,3671.43994140625,3584.1298828125,3585.6201171875,5645360000,0.0,0.0
2022-10-03 00:00:00-04:00,3609.780029296875,3698.35009765625,3604.929931640625,3678.429931640625,4806680000,0.0,0.0
2022-10-04 00:00:00-04:00,3726.4599609375,3791.919921875,3726.4599609375,3790.929931640625,5146580000,0.0,0.0
2022-10-05 00:00:00-04:00,3753.25,3806.909912109375,3722.659912109375,3783.280029296875,4293180000,0.0,0.0
2022-10-06 00:00:00-04:00,3771.969970703125,3797.929931640625,3739.219970703125,3744.52001953125,4252100000,0.0,0.0
2022-10-07 00:00:00-04:00,3706.739990234375,3706.739990234375,3620.72998046875,3639.659912109375,4449660000,0.0,0.0
2022-10-10 00:00:00-04:00,3647.510009765625,3652.169921875,3588.10009765625,3612.389892578125,3834320000,0.0,0.0
2022-10-11 00:00:00-04:00,3595.860107421875,3640.659912109375,3568.449951171875,3588.840087890625,4759030000,0.0,0.0
2022-10-12 00:00:00-04:00,3590.830078125,3608.340087890625,3573.860107421875,3577.030029296875,4006830000,0.0,0.0
2022-10-13 00:00:00-04:00,3520.3701171875,3685.409912109375,3491.580078125,3669.909912109375,5021680000,0.0,0.0
2022-10-14 00:00:00-04:00,3690.409912109375,3712.0,3579.679931640625,3583.070068359375,4243030000,0.0,0.0
2022-10-17 00:00:00-04:00,3638.64990234375,3689.72998046875,3638.64990234375,3677.949951171875,4352780000,0.0,0.0
2022-10-18 00:00:00-04:00,3746.260009765625,3762.7900390625,3686.530029296875,3719.97998046875,4483740000,0.0,0.0
2022-10-19 00:00:00-04:00,3703.110107421875,3728.580078125,3666.510009765625,3695.159912109375,4223800000,0.0,0.0
2022-10-20 00:00:00-04:00,3689.050048828125,3736.0,3656.43994140625,3665.780029296875,4496620000,0.0,0.0
2022-10-21 00:00:00-04:00,3657.10009765625,3757.889892578125,3647.419921875,3752.75,5078020000,0.0,0.0
2022-10-24 00:00:00-04:00,3762.010009765625,3810.739990234375,3741.64990234375,3797.340087890625,4747930000,0.0,0.0
2022-10-25 00:00:00-04:00,3799.43994140625,3862.85009765625,3799.43994140625,3859.110107421875,4843120000,0.0,0.0
2022-10-26 00:00:00-04:00,3825.969970703125,3886.14990234375,3824.070068359375,3830.60009765625,4817310000,0.0,0.0
2022-10-27 00:00:00-04:00,3834.68994140625,3859.949951171875,3803.7900390625,3807.300048828125,4687320000,0.0,0.0
2022-10-28 00:00:00-04:00,3808.260009765625,3905.419921875,3808.260009765625,3901.06005859375,4459410000,0.0,0.0
2022-10-31 00:00:00-04:00,3881.85009765625,3893.72998046875,3863.179931640625,3871.97998046875,4820620000,0.0,0.0
2022-11-01 00:00:00-04:00,3901.7900390625,3911.7900390625,3843.800048828125,3856.10009765625,4481210000,0.0,0.0
2022-11-02 00:00:00-04:00,3852.89990234375,3894.43994140625,3758.679931640625,3759.68994140625,4899000000,0.0,0.0
2022-11-03 00:00:00-04:00,3733.25,3750.590087890625,3698.14990234375,3719.889892578125,4625290000,0.0,0.0
2022-11-04 00:00:00-04:00,3766.97998046875,3796.340087890625,3708.840087890625,3770.550048828125,5400180000,0.0,0.0
2022-11-07 00:00:00-05:00,3780.7099609375,3813.949951171875,3764.699951171875,3806.800048828125,4341620000,0.0,0.0
2022-11-08 00:00:00-05:00,3817.02001953125,3859.39990234375,3786.280029296875,3828.110107421875,4607640000,0.0,0.0
2022-11-09 00:00:00-05:00,3810.93994140625,3818.199951171875,3744.219970703125,3748.570068359375,4645010000,0.0,0.0
2022-11-10 00:00:00-05:00,3859.889892578125,3958.330078125,3859.889892578125,3956.3701171875,5781260000,0.0,0.0
2022-11-11 00:00:00-05:00,3963.719970703125,4001.47998046875,3944.820068359375,3992.929931640625,5593310000,0.0,0.0
2022-11-14 00:00:00-05:00,3977.969970703125,4008.969970703125,3956.39990234375,3957.25,4561930000,0.0,0.0
2022-11-15 00:00:00-05:00,4006.409912109375,4028.840087890625,3953.169921875,3991.72998046875,5015310000,0.0,0.0
2022-11-16 00:00:00-05:00,3976.820068359375,3983.090087890625,3954.340087890625,3958.7900390625,4165320000,0.0,0.0
2022-11-17 00:00:00-05:00,3919.260009765625,3954.330078125,3906.5400390625,3946.56005859375,4051780000,0.0,0.0
2022-11-18 00:00:00-05:00,3966.389892578125,3979.889892578125,3935.97998046875,3965.340087890625,4037360000,0.0,0.0
2022-11-21 00:00:00-05:00,3956.22998046875,3962.0,3933.340087890625,3949.93994140625,3850690000,0.0,0.0
2022-11-22 00:00:00-05:00,3965.510009765625,4005.8798828125,3956.8798828125,4003.580078125,3887990000,0.0,0.0
2022-11-23 00:00:00-05:00,4000.300048828125,4033.780029296875,3998.659912109375,4027.260009765625,3279720000,0.0,0.0
2022-11-25 00:00:00-05:00,4023.340087890625,4034.02001953125,4020.760009765625,4026.1201171875,1706460000,0.0,0.0
2022-11-28 00:00:00-05:00,4005.360107421875,4012.27001953125,3955.77001953125,3963.93994140625,3615430000,0.0,0.0
2022-11-29 00:00:00-05:00,3964.18994140625,3976.77001953125,3937.64990234375,3957.6298828125,3546040000,0.0,0.0
2022-11-30 00:00:00-05:00,3957.179931640625,4080.110107421875,3938.580078125,4080.110107421875,6579360000,0.0,0.0
2022-12-01 00:00:00-05:00,4087.139892578125,4100.509765625,4050.8701171875,4076.570068359375,4527130000,0.0,0.0
2022-12-02 00:00:00-05:00,4040.169921875,4080.47998046875,4026.6298828125,4071.699951171875,4012620000,0.0,0.0
2022-12-05 00:00:00-05:00,4052.02001953125,4052.449951171875,3984.489990234375,3998.840087890625,4280820000,0.0,0.0
2022-12-06 00:00:00-05:00,3996.6298828125,4001.510009765625,3918.389892578125,3941.260009765625,4368380000,0.0,0.0
2022-12-07 00:00:00-05:00,3933.280029296875,3957.570068359375,3922.679931640625,3933.919921875,4118050000,0.0,0.0
2022-12-08 00:00:00-05:00,3947.7900390625,3974.18994140625,3935.830078125,3963.510009765625,4006900000,0.0,0.0
2022-12-09 00:00:00-05:00,3954.169921875,3977.02001953125,3933.0400390625,3934.3798828125,3888260000,0.0,0.0
2022-12-12 00:00:00-05:00,3939.2900390625,3990.7099609375,3935.300048828125,3990.56005859375,3904130000,0.0,0.0
2022-12-13 00:00:00-05:00,4069.3798828125,4100.9599609375,3993.030029296875,4019.64990234375,5079360000,0.0,0.0
2022-12-14 00:00:00-05:00,4015.5400390625,4053.760009765625,3965.64990234375,3995.320068359375,4472340000,0.0,0.0
2022-12-15 00:00:00-05:00,3958.3701171875,3958.3701171875,3879.449951171875,3895.75,4493900000,0.0,0.0
2022-12-16 00:00:00-05:00,3890.909912109375,3890.909912109375,3827.909912109375,3852.360107421875,7493660000,0.0,0.0
2022-12-19 00:00:00-05:00,3853.7900390625,3854.860107421875,3800.0400390625,3817.659912109375,3969610000,0.0,0.0
2022-12-20 00:00:00-05:00,3810.469970703125,3838.239990234375,3795.6201171875,3821.6201171875,3985370000,0.0,0.0
2022-12-21 00:00:00-05:00,3839.489990234375,3889.820068359375,3839.489990234375,3878.43994140625,3775200000,0.0,0.0
2022-12-22 00:00:00-05:00,3853.260009765625,3853.260009765625,3764.489990234375,3822.389892578125,3956950000,0.0,0.0
2022-12-23 00:00:00-05:00,3815.110107421875,3845.800048828125,3797.010009765625,3844.820068359375,2819280000,0.0,0.0
2022-12-27 00:00:00-05:00,3843.340087890625,3846.64990234375,3813.219970703125,3829.25,3030300000,0.0,0.0
2022-12-28 00:00:00-05:00,3829.56005859375,3848.320068359375,3780.780029296875,3783.219970703125,3083520000,0.0,0.0
2022-12-29 00:00:00-05:00,3805.449951171875,3858.18994140625,3805.449951171875,3849.280029296875,3003680000,0.0,0.0
2022-12-30 00:00:00-05:00,3829.06005859375,3839.85009765625,3800.340087890625,3839.5,2979870000,0.0,0.0
2023-01-03 00:00:00-05:00,3853.2900390625,3878.4599609375,3794.330078125,3824.139892578125,3959140000,0.0,0.0
2023-01-04 00:00:00-05:00,3840.360107421875,3873.159912109375,3815.77001953125,3852.969970703125,4414080000,0.0,0.0
2023-01-05 00:00:00-05:00,3839.739990234375,3839.739990234375,3802.419921875,3808.10009765625,3893450000,0.0,0.0
2023-01-06 00:00:00-05:00,3823.3701171875,3906.18994140625,3809.56005859375,3895.080078125,3923560000,0.0,0.0
2023-01-09 00:00:00-05:00,3910.820068359375,3950.570068359375,3890.419921875,3892.090087890625,4311770000,0.0,0.0
2023-01-10 00:00:00-05:00,3888.570068359375,3919.830078125,3877.2900390625,3919.25,3851030000,0.0,0.0
2023-01-11 00:00:00-05:00,3932.35009765625,3970.070068359375,3928.5400390625,3969.610107421875,4303360000,0.0,0.0
2023-01-12 00:00:00-05:00,3977.570068359375,3997.760009765625,3937.56005859375,3983.169921875,4440260000,0.0,0.0
2023-01-13 00:00:00-05:00,3960.60009765625,4003.949951171875,3947.669921875,3999.090087890625,3939700000,0.0,0.0
2023-01-17 00:00:00-05:00,3999.280029296875,4015.389892578125,3984.570068359375,3990.969970703125,4235560000,0.0,0.0
2023-01-18 00:00:00-05:00,4002.25,4014.159912109375,3926.590087890625,3928.860107421875,4298710000,0.0,0.0
2023-01-19 00:00:00-05:00,3911.840087890625,3922.93994140625,3885.5400390625,3898.85009765625,3991500000,0.0,0.0
2023-01-20 00:00:00-05:00,3909.0400390625,3972.9599609375,3897.860107421875,3972.610107421875,4013360000,0.0,0.0
2023-01-23 00:00:00-05:00,3978.139892578125,4039.31005859375,3971.639892578125,4019.81005859375,3945210000,0.0,0.0
2023-01-24 00:00:00-05:00,4001.739990234375,4023.919921875,3989.7900390625,4016.949951171875,3320430000,0.0,0.0
2023-01-25 00:00:00-05:00,3982.7099609375,4019.550048828125,3949.06005859375,4016.219970703125,3724020000,0.0,0.0
2023-01-26 00:00:00-05:00,4036.080078125,4061.570068359375,4013.2900390625,4060.429931640625,3809590000,0.0,0.0
2023-01-27 00:00:00-05:00,4053.719970703125,4094.2099609375,4048.699951171875,4070.56005859375,3907760000,0.0,0.0
2023-01-30 00:00:00-05:00,4049.27001953125,4063.85009765625,4015.550048828125,4017.77001953125,3802000000,0.0,0.0
2023-01-31 00:00:00-05:00,4020.85009765625,4077.159912109375,4020.43994140625,4076.60009765625,4679320000,0.0,0.0
2023-02-01 00:00:00-05:00,4070.070068359375,4148.9501953125,4037.199951171875,4119.2099609375,4856930000,0.0,0.0
2023-02-02 00:00:00-05:00,4158.68017578125,4195.43994140625,4141.8798828125,4179.759765625,5624360000,0.0,0.0
2023-02-03 00:00:00-05:00,4136.68994140625,4182.35986328125,4123.35986328125,4136.47998046875,4694510000,0.0,0.0
2023-02-06 00:00:00-05:00,4119.56982421875,4124.6298828125,4093.3798828125,4111.080078125,4114240000,0.0,0.0
2023-02-07 00:00:00-05:00,4105.35009765625,4176.5400390625,4088.389892578125,4164.0,4355860000,0.0,0.0
2023-02-08 00:00:00-05:00,4153.47021484375,4156.85009765625,4111.669921875,4117.85986328125,4029820000,0.0,0.0
2023-02-09 00:00:00-05:00,4144.25,4156.22998046875,4069.669921875,4081.5,4270200000,0.0,0.0
2023-02-10 00:00:00-05:00,4068.919921875,4094.360107421875,4060.7900390625,4090.4599609375,3891520000,0.0,0.0
2023-02-13 00:00:00-05:00,4096.6201171875,4138.89990234375,4092.669921875,4137.2900390625,3448620000,0.0,0.0
2023-02-14 00:00:00-05:00,4126.7001953125,4159.77001953125,4095.010009765625,4136.1298828125,3929200000,0.0,0.0
2023-02-15 00:00:00-05:00,4119.5,4148.10986328125,4103.97998046875,4147.60009765625,4075980000,0.0,0.0
2023-02-16 00:00:00-05:00,4114.75,4136.5400390625,4089.489990234375,4090.409912109375,4143660000,0.0,0.0
2023-02-17 00:00:00-05:00,4077.389892578125,4081.510009765625,4047.949951171875,4079.090087890625,4045480000,0.0,0.0
2023-02-21 00:00:00-05:00,4052.35009765625,4052.35009765625,3995.18994140625,3997.340087890625,4121590000,0.0,0.0
2023-02-22 00:00:00-05:00,4001.830078125,4017.3701171875,3976.89990234375,3991.050048828125,4079320000,0.0,0.0
2023-02-23 00:00:00-05:00,4018.60009765625,4028.300048828125,3969.18994140625,4012.320068359375,3952940000,0.0,0.0
2023-02-24 00:00:00-05:00,3973.239990234375,3978.25,3943.080078125,3970.0400390625,3877700000,0.0,0.0
2023-02-27 00:00:00-05:00,3992.360107421875,4018.050048828125,3973.550048828125,3982.239990234375,3836950000,0.0,0.0
2023-02-28 00:00:00-05:00,3977.18994140625,3997.5,3968.97998046875,3970.14990234375,5043400000,0.0,0.0
2023-03-01 00:00:00-05:00,3963.340087890625,3971.72998046875,3939.050048828125,3951.389892578125,4249480000,0.0,0.0
2023-03-02 00:00:00-05:00,3938.679931640625,3990.840087890625,3928.159912109375,3981.35009765625,4244900000,0.0,0.0
2023-03-03 00:00:00-05:00,3998.02001953125,4048.2900390625,3995.169921875,4045.639892578125,4084730000,0.0,0.0
2023-03-06 00:00:00-05:00,4055.14990234375,4078.489990234375,4044.610107421875,4048.419921875,4000870000,0.0,0.0
2023-03-07 00:00:00-05:00,4048.260009765625,4050.0,3980.31005859375,3986.3701171875,3922500000,0.0,0.0
2023-03-08 00:00:00-05:00,3987.550048828125,4000.409912109375,3969.760009765625,3992.010009765625,3535570000,0.0,0.0
2023-03-09 00:00:00-05:00,3998.659912109375,4017.81005859375,3908.699951171875,3918.320068359375,4445260000,0.0,0.0
2023-03-10 00:00:00-05:00,3912.77001953125,3934.050048828125,3846.320068359375,3861.590087890625,5518190000,0.0,0.0
2023-03-13 00:00:00-04:00,3835.1201171875,3905.050048828125,3808.860107421875,3855.760009765625,6558020000,0.0,0.0
2023-03-14 00:00:00-04:00,3894.010009765625,3937.2900390625,3873.6298828125,3919.2900390625,5665870000,0.0,0.0
2023-03-15 00:00:00-04:00,3876.739990234375,3894.260009765625,3838.239990234375,3891.929931640625,6594010000,0.0,0.0
2023-03-16 00:00:00-04:00,3878.929931640625,3964.4599609375,3864.110107421875,3960.280029296875,5695790000,0.0,0.0
2023-03-17 00:00:00-04:00,3958.68994140625,3958.909912109375,3901.27001953125,3916.639892578125,9354280000,0.0,0.0
2023-03-20 00:00:00-04:00,3917.469970703125,3956.6201171875,3916.889892578125,3951.570068359375,5347140000,0.0,0.0
2023-03-21 00:00:00-04:00,3975.889892578125,4009.080078125,3971.18994140625,4002.8701171875,4920240000,0.0,0.0
2023-03-22 00:00:00-04:00,4002.0400390625,4039.489990234375,3936.169921875,3936.969970703125,4533010000,0.0,0.0
2023-03-23 00:00:00-04:00,3959.2099609375,4007.659912109375,3919.050048828125,3948.719970703125,4991600000,0.0,0.0
2023-03-24 00:00:00-04:00,3939.2099609375,3972.739990234375,3909.159912109375,3970.989990234375,4583970000,0.0,0.0
2023-03-27 00:00:00-04:00,3982.929931640625,4003.830078125,3970.489990234375,3977.530029296875,4233540000,0.0,0.0
2023-03-28 00:00:00-04:00,3974.1298828125,3979.199951171875,3951.530029296875,3971.27001953125,4014600000,0.0,0.0
2023-03-29 00:00:00-04:00,3999.530029296875,4030.590087890625,3999.530029296875,4027.81005859375,4145250000,0.0,0.0
2023-03-30 00:00:00-04:00,4046.739990234375,4057.85009765625,4032.10009765625,4050.830078125,3930860000,0.0,0.0
2023-03-31 00:00:00-04:00,4056.179931640625,4110.75,4056.179931640625,4109.31005859375,4525120000,0.0,0.0
2023-04-03 00:00:00-04:00,4102.2001953125,4127.66015625,4098.7900390625,4124.509765625,4234700000,0.0,0.0
2023-04-04 00:00:00-04:00,4128.02978515625,4133.1298828125,4086.8701171875,4100.60009765625,4227800000,0.0,0.0
2023-04-05 00:00:00-04:00,4094.5,4099.68994140625,4072.56005859375,4090.3798828125,3968020000,0.0,0.0
2023-04-06 00:00:00-04:00,4081.14990234375,4107.31982421875,4069.840087890625,4105.02001953125,3486690000,0.0,0.0
2023-04-10 00:00:00-04:00,4085.199951171875,4109.5,4072.550048828125,4109.10986328125,3423650000,0.0,0.0
2023-04-11 00:00:00-04:00,4110.2900390625,4124.259765625,4102.60986328125,4108.93994140625,3665830000,0.0,0.0
2023-04-12 00:00:00-04:00,4121.72021484375,4134.3701171875,4086.93994140625,4091.949951171875,3633120000,0.0,0.0
2023-04-13 00:00:00-04:00,4100.0400390625,4150.259765625,4099.39990234375,4146.22021484375,3596590000,0.0,0.0
2023-04-14 00:00:00-04:00,4140.10986328125,4163.18994140625,4113.2001953125,4137.64013671875,3575690000,0.0,0.0
2023-04-17 00:00:00-04:00,4137.169921875,4151.72021484375,4123.18017578125,4151.31982421875,3611180000,0.0,0.0
2023-04-18 00:00:00-04:00,4164.259765625,4169.47998046875,4140.35986328125,4154.8701171875,3536640000,0.0,0.0
2023-04-19 00:00:00-04:00,4139.330078125,4162.56982421875,4134.490234375,4154.52001953125,3572560000,0.0,0.0
2023-04-20 00:00:00-04:00,4130.47998046875,4148.56982421875,4114.56982421875,4129.7900390625,3772080000,0.0,0.0
2023-04-21 00:00:00-04:00,4132.14013671875,4138.02001953125,4113.85986328125,4133.52001953125,3611750000,0.0,0.0
2023-04-24 00:00:00-04:00,4132.06982421875,4142.41015625,4117.77001953125,4137.0400390625,3290940000,0.0,0.0
2023-04-25 00:00:00-04:00,4126.43017578125,4126.43017578125,4071.3798828125,4071.6298828125,3978640000,0.0,0.0
2023-04-26 00:00:00-04:00,4087.780029296875,4089.669921875,4049.35009765625,4055.989990234375,3837030000,0.0,0.0
2023-04-27 00:00:00-04:00,4075.2900390625,4138.240234375,4075.2900390625,4135.35009765625,3750550000,0.0,0.0
2023-04-28 00:00:00-04:00,4129.6298828125,4170.06005859375,4127.18017578125,4169.47998046875,4087800000,0.0,0.0
2023-05-01 00:00:00-04:00,4166.7900390625,4186.919921875,4164.1201171875,4167.8701171875,3321370000,0.0,0.0
2023-05-02 00:00:00-04:00,4164.10009765625,4164.10009765625,4089.719970703125,4119.580078125,4486130000,0.0,0.0
2023-05-03 00:00:00-04:00,4122.25,4148.2998046875,4088.860107421875,4090.75,4246510000,0.0,0.0
2023-05-04 00:00:00-04:00,4082.550048828125,4082.610107421875,4048.280029296875,4061.219970703125,4920090000,0.0,0.0
2023-05-05 00:00:00-04:00,4084.72998046875,4147.02001953125,4084.72998046875,4136.25,4186270000,0.0,0.0
2023-05-08 00:00:00-04:00,4136.97998046875,4142.2998046875,4123.81005859375,4138.1201171875,3641640000,0.0,0.0
2023-05-09 00:00:00-04:00,4124.25,4130.35009765625,4116.64990234375,4119.169921875,3810140000,0.0,0.0
2023-05-10 00:00:00-04:00,4143.740234375,4154.27978515625,4098.919921875,4137.64013671875,4057160000,0.0,0.0
2023-05-11 00:00:00-04:00,4132.240234375,4132.7998046875,4109.2900390625,4130.6201171875,3752900000,0.0,0.0
2023-05-12 00:00:00-04:00,4138.5400390625,4143.740234375,4099.1201171875,4124.080078125,3533740000,0.0,0.0
2023-05-15 00:00:00-04:00,4126.64990234375,4141.25,4110.27001953125,4136.27978515625,3562170000,0.0,0.0
2023-05-16 00:00:00-04:00,4127.9501953125,4135.5400390625,4109.85986328125,4109.89990234375,3654200000,0.0,0.0
2023-05-17 00:00:00-04:00,4122.85009765625,4164.669921875,4113.6201171875,4158.77001953125,4039080000,0.0,0.0
2023-05-18 00:00:00-04:00,4157.68017578125,4202.2001953125,4153.5,4198.0498046875,3980500000,0.0,0.0
2023-05-19 00:00:00-04:00,4204.14990234375,4212.91015625,4180.2001953125,4191.97998046875,4041900000,0.0,0.0
2023-05-22 00:00:00-04:00,4190.77978515625,4209.22021484375,4179.68017578125,4192.6298828125,3728520000,0.0,0.0
2023-05-23 00:00:00-04:00,4176.7998046875,4185.68017578125,4142.5400390625,4145.580078125,4155320000,0.0,0.0
2023-05-24 00:00:00-04:00,4132.9599609375,4132.9599609375,4103.97998046875,4115.240234375,3739160000,0.0,0.0
2023-05-25 00:00:00-04:00,4155.7099609375,4165.740234375,4129.72998046875,4151.27978515625,4147760000,0.0,0.0
2023-05-26 00:00:00-04:00,4156.16015625,4212.8701171875,4156.16015625,4205.4501953125,3715460000,0.0,0.0
2023-05-30 00:00:00-04:00,4226.7099609375,4231.10009765625,4192.18017578125,4205.52001953125,4228510000,0.0,0.0
2023-05-31 00:00:00-04:00,4190.740234375,4195.43994140625,4166.14990234375,4179.830078125,5980670000,0.0,0.0
2023-06-01 00:00:00-04:00,4183.02978515625,4232.43017578125,4171.64013671875,4221.02001953125,4391860000,0.0,0.0
2023-06-02 00:00:00-04:00,4241.009765625,4290.669921875,4241.009765625,4282.3701171875,4454200000,0.0,0.0
2023-06-05 00:00:00-04:00,4282.990234375,4299.27978515625,4266.81982421875,4273.7900390625,3813290000,0.0,0.0
2023-06-06 00:00:00-04:00,4271.33984375,4288.330078125,4263.08984375,4283.85009765625,3996560000,0.0,0.0
2023-06-07 00:00:00-04:00,4285.47021484375,4299.18994140625,4263.9599609375,4267.52001953125,4537800000,0.0,0.0
2023-06-08 00:00:00-04:00,4268.68994140625,4298.009765625,4261.06982421875,4293.93017578125,3826740000,0.0,0.0
2023-06-09 00:00:00-04:00,4304.8798828125,4322.6201171875,4291.7001953125,4298.85986328125,3786510000,0.0,0.0
2023-06-12 00:00:00-04:00,4308.31982421875,4340.1298828125,4304.3701171875,4338.93017578125,3945670000,0.0,0.0
2023-06-13 00:00:00-04:00,4352.60986328125,4375.3701171875,4349.31005859375,4369.009765625,4275400000,0.0,0.0
2023-06-14 00:00:00-04:00,4366.2900390625,4391.81982421875,4337.85009765625,4372.58984375,4252110000,0.0,0.0
2023-06-15 00:00:00-04:00,4365.330078125,4439.2001953125,4362.60009765625,4425.83984375,4176690000,0.0,0.0
2023-06-16 00:00:00-04:00,4440.9501953125,4448.47021484375,4407.43994140625,4409.58984375,6848600000,0.0,0.0
2023-06-20 00:00:00-04:00,4396.10986328125,4400.14990234375,4367.18994140625,4388.7099609375,4055790000,0.0,0.0
2023-06-21 00:00:00-04:00,4380.009765625,4386.22021484375,4360.14013671875,4365.68994140625,3709330000,0.0,0.0
2023-06-22 00:00:00-04:00,4355.39990234375,4382.25,4351.81982421875,4381.89013671875,3511000000,0.0,0.0
2023-06-23 00:00:00-04:00,4354.169921875,4366.5498046875,4341.33984375,4348.330078125,6053620000,0.0,0.0
2023-06-26 00:00:00-04:00,4344.83984375,4362.06005859375,4328.080078125,4328.81982421875,3415030000,0.0,0.0
2023-06-27 00:00:00-04:00,4337.35986328125,4384.419921875,4335.0,4378.41015625,3573500000,0.0,0.0
2023-06-28 00:00:00-04:00,4367.47998046875,4390.35009765625,4360.22021484375,4376.85986328125,3739330000,0.0,0.0
2023-06-29 00:00:00-04:00,4374.93994140625,4398.39013671875,4371.97021484375,4396.43994140625,3696660000,0.0,0.0
2023-06-30 00:00:00-04:00,4422.43994140625,4458.47998046875,4422.43994140625,4450.3798828125,3923450000,0.0,0.0
2023-07-03 00:00:00-04:00,4450.47998046875,4456.4599609375,4442.2900390625,4455.58984375,2034280000,0.0,0.0
2023-07-05 00:00:00-04:00,4442.0400390625,4454.06005859375,4436.60986328125,4446.81982421875,3482620000,0.0,0.0
2023-07-06 00:00:00-04:00,4422.6201171875,4422.6201171875,4385.0498046875,4411.58984375,3682020000,0.0,0.0
2023-07-07 00:00:00-04:00,4404.5400390625,4440.39013671875,4397.39990234375,4398.9501953125,3630480000,0.0,0.0
2023-07-10 00:00:00-04:00,4394.22998046875,4412.60009765625,4389.919921875,4409.52978515625,3429600000,0.0,0.0
2023-07-11 00:00:00-04:00,4415.5498046875,4443.64013671875,4408.4599609375,4439.259765625,3624220000,0.0,0.0
2023-07-12 00:00:00-04:00,4467.68994140625,4488.33984375,4463.22998046875,4472.16015625,3920290000,0.0,0.0
2023-07-13 00:00:00-04:00,4491.5,4517.3798828125,4489.35986328125,4510.0400390625,3839530000,0.0,0.0
2023-07-14 00:00:00-04:00,4514.60986328125,4527.759765625,4499.56005859375,4505.419921875,3647450000,0.0,0.0
2023-07-17 00:00:00-04:00,4508.85986328125,4532.85009765625,4504.89990234375,4522.7900390625,3538240000,0.0,0.0
2023-07-18 00:00:00-04:00,4521.77978515625,4562.2998046875,4514.58984375,4554.97998046875,4090010000,0.0,0.0
2023-07-19 00:00:00-04:00,4563.8701171875,4578.43017578125,4557.47998046875,4565.72021484375,4115670000,0.0,0.0
2023-07-20 00:00:00-04:00,4554.3798828125,4564.740234375,4527.56005859375,4534.8701171875,3761770000,0.0,0.0
2023-07-21 00:00:00-04:00,4550.16015625,4555.0,4535.7900390625,4536.33984375,3570190000,0.0,0.0
2023-07-24 00:00:00-04:00,4543.39013671875,4563.41015625,4541.2900390625,4554.64013671875,3856250000,0.0,0.0
2023-07-25 00:00:00-04:00,4555.18994140625,4580.6201171875,4552.419921875,4567.4599609375,3812470000,0.0,0.0
2023-07-26 00:00:00-04:00,4558.9599609375,4582.47021484375,4547.580078125,4566.75,3990290000,0.0,0.0
2023-07-27 00:00:00-04:00,4598.259765625,4607.06982421875,4528.56005859375,4537.41015625,4553210000,0.0,0.0
2023-07-28 00:00:00-04:00,4565.75,4590.16015625,4564.009765625,4582.22998046875,3981010000,0.0,0.0
2023-07-31 00:00:00-04:00,4584.81982421875,4594.22021484375,4573.14013671875,4588.9599609375,4503600000,0.0,0.0
2023-08-01 00:00:00-04:00,4578.830078125,4584.6201171875,4567.52978515625,4576.72998046875,4042370000,0.0,0.0
2023-08-02 00:00:00-04:00,4550.93017578125,4550.93017578125,4505.75,4513.39013671875,4270710000,0.0,0.0
2023-08-03 00:00:00-04:00,4494.27001953125,4519.490234375,4485.5400390625,4501.89013671875,4149120000,0.0,0.0
2023-08-04 00:00:00-04:00,4513.9599609375,4540.33984375,4474.5498046875,4478.02978515625,4143310000,0.0,0.0
2023-08-07 00:00:00-04:00,4491.580078125,4519.83984375,4491.14990234375,4518.43994140625,3493920000,0.0,0.0
2023-08-08 00:00:00-04:00,4498.02978515625,4503.31005859375,4464.39013671875,4499.3798828125,3884910000,0.0,0.0
2023-08-09 00:00:00-04:00,4501.56982421875,4502.43994140625,4461.330078125,4467.7099609375,3803100000,0.0,0.0
2023-08-10 00:00:00-04:00,4487.16015625,4527.3701171875,4457.919921875,4468.830078125,4504370000,0.0,0.0
2023-08-11 00:00:00-04:00,4450.68994140625,4476.22998046875,4443.97998046875,4464.0498046875,3753290000,0.0,0.0
2023-08-14 00:00:00-04:00,4458.1298828125,4490.330078125,4453.43994140625,4489.72021484375,3896410000,0.0,0.0
2023-08-15 00:00:00-04:00,4478.8701171875,4478.8701171875,4432.18994140625,4437.85986328125,3832250000,0.0,0.0
2023-08-16 00:00:00-04:00,4433.7900390625,4449.9501953125,4403.5498046875,4404.330078125,3753910000,0.0,0.0
2023-08-17 00:00:00-04:00,4416.31982421875,4421.169921875,4364.830078125,4370.35986328125,3943700000,0.0,0.0
2023-08-18 00:00:00-04:00,4344.8798828125,4381.81982421875,4335.31005859375,4369.7099609375,3940400000,0.0,0.0
2023-08-21 00:00:00-04:00,4380.27978515625,4407.5498046875,4360.2998046875,4399.77001953125,3726850000,0.0,0.0
2023-08-22 00:00:00-04:00,4415.330078125,4418.58984375,4382.77001953125,4387.5498046875,3522760000,0.0,0.0
2023-08-23 00:00:00-04:00,4396.43994140625,4443.18017578125,4396.43994140625,4436.009765625,3837270000,0.0,0.0
2023-08-24 00:00:00-04:00,4455.16015625,4458.2998046875,4375.5498046875,4376.31005859375,3723470000,0.0,0.0
2023-08-25 00:00:00-04:00,4389.3798828125,4418.4599609375,4356.2900390625,4405.7099609375,3296180000,0.0,0.0
2023-08-28 00:00:00-04:00,4426.02978515625,4439.56005859375,4414.97998046875,4433.31005859375,2957230000,0.0,0.0
2023-08-29 00:00:00-04:00,4432.75,4500.14013671875,4431.68017578125,4497.6298828125,3354820000,0.0,0.0
2023-08-30 00:00:00-04:00,4500.33984375,4521.64990234375,4493.58984375,4514.8701171875,3064110000,0.0,0.0
2023-08-31 00:00:00-04:00,4517.009765625,4532.259765625,4507.39013671875,4507.66015625,3946360000,0.0,0.0
2023-09-01 00:00:00-04:00,4530.60009765625,4541.25,4501.35009765625,4515.77001953125,3246260000,0.0,0.0
2023-09-05 00:00:00-04:00,4510.06005859375,4514.2900390625,4496.009765625,4496.830078125,3526250000,0.0,0.0
2023-09-06 00:00:00-04:00,4490.35009765625,4490.35009765625,4442.3798828125,4465.47998046875,3418850000,0.0,0.0
2023-09-07 00:00:00-04:00,4434.5498046875,4457.81005859375,4430.4599609375,4451.14013671875,3763760000,0.0,0.0
2023-09-08 00:00:00-04:00,4451.2998046875,4473.52978515625,4448.3798828125,4457.490234375,3259290000,0.0,0.0
2023-09-11 00:00:00-04:00,4480.97998046875,4490.77001953125,4467.89013671875,4487.4599609375,3369920000,0.0,0.0
2023-09-12 00:00:00-04:00,4473.27001953125,4487.10986328125,4456.830078125,4461.89990234375,3435740000,0.0,0.0
2023-09-13 00:00:00-04:00,4462.64990234375,4479.39013671875,4453.52001953125,4467.43994140625,3529430000,0.0,0.0
2023-09-14 00:00:00-04:00,4487.77978515625,4511.990234375,4478.68994140625,4505.10009765625,3648720000,0.0,0.0
2023-09-15 00:00:00-04:00,4497.97998046875,4497.97998046875,4447.2099609375,4450.31982421875,6932230000,0.0,0.0
2023-09-18 00:00:00-04:00,4445.1298828125,4466.35986328125,4442.10986328125,4453.52978515625,3161230000,0.0,0.0
2023-09-19 00:00:00-04:00,4445.41015625,4449.85009765625,4416.60986328125,4443.9501953125,3614880000,0.0,0.0
2023-09-20 00:00:00-04:00,4452.81005859375,4461.02978515625,4401.3798828125,4402.2001953125,3308450000,0.0,0.0
2023-09-21 00:00:00-04:00,4374.35986328125,4375.7001953125,4329.169921875,4330.0,3662340000,0.0,0.0
2023-09-22 00:00:00-04:00,4341.740234375,4357.39990234375,4316.490234375,4320.06005859375,3349570000,0.0,0.0
2023-09-25 00:00:00-04:00,4310.6201171875,4338.509765625,4302.7001953125,4337.43994140625,3195650000,0.0,0.0
2023-09-26 00:00:00-04:00,4312.8798828125,4313.009765625,4265.97998046875,4273.52978515625,3472340000,0.0,0.0
2023-09-27 00:00:00-04:00,4282.6298828125,4292.06982421875,4238.6298828125,4274.509765625,3875880000,0.0,0.0
2023-09-28 00:00:00-04:00,4269.64990234375,4317.27001953125,4264.3798828125,4299.7001953125,3846230000,0.0,0.0
2023-09-29 00:00:00-04:00,4328.18017578125,4333.14990234375,4274.85986328125,4288.0498046875,3865960000,0.0,0.0
2023-10-02 00:00:00-04:00,4284.52001953125,4300.580078125,4260.2099609375,4288.39013671875,3938660000,0.0,0.0
2023-10-03 00:00:00-04:00,4269.75,4281.14990234375,4216.4501953125,4229.4501953125,3953830000,0.0,0.0
2023-10-04 00:00:00-04:00,4233.830078125,4268.5,4220.47998046875,4263.75,3777600000,0.0,0.0
2023-10-05 00:00:00-04:00,4259.31005859375,4267.1298828125,4225.91015625,4258.18994140625,3581470000,0.0,0.0
2023-10-06 00:00:00-04:00,4234.7900390625,4324.10009765625,4219.5498046875,4308.5,3902030000,0.0,0.0
2023-10-09 00:00:00-04:00,4289.02001953125,4341.72998046875,4283.7900390625,4335.66015625,3174630000,0.0,0.0
2023-10-10 00:00:00-04:00,4339.75,4385.4599609375,4339.64013671875,4358.240234375,3520240000,0.0,0.0
2023-10-11 00:00:00-04:00,4366.58984375,4378.64013671875,4345.33984375,4376.9501953125,3601660000,0.0,0.0
2023-10-12 00:00:00-04:00,4380.93994140625,4385.85009765625,4325.43017578125,4349.60986328125,3713140000,0.0,0.0
2023-10-13 00:00:00-04:00,4360.490234375,4377.10009765625,4311.97021484375,4327.77978515625,3566560000,0.0,0.0
2023-10-16 00:00:00-04:00,4342.3701171875,4383.330078125,4342.3701171875,4373.6298828125,3409960000,0.0,0.0
2023-10-17 00:00:00-04:00,4345.22998046875,4393.56982421875,4337.5400390625,4373.2001953125,3794850000,0.0,0.0
2023-10-18 00:00:00-04:00,4357.35009765625,4364.2001953125,4303.83984375,4314.60009765625,3686030000,0.0,0.0
2023-10-19 00:00:00-04:00,4321.35986328125,4339.5400390625,4269.68994140625,4278.0,3969730000,0.0,0.0
2023-10-20 00:00:00-04:00,4273.85009765625,4276.56005859375,4223.02978515625,4224.16015625,4004030000,0.0,0.0
2023-10-23 00:00:00-04:00,4210.39990234375,4255.83984375,4189.22021484375,4217.0400390625,3776100000,0.0,0.0
2023-10-24 00:00:00-04:00,4235.7900390625,4259.3798828125,4219.43017578125,4247.68017578125,3821820000,0.0,0.0
2023-10-25 00:00:00-04:00,4232.419921875,4232.419921875,4181.419921875,4186.77001953125,3869370000,0.0,0.0
2023-10-26 00:00:00-04:00,4175.990234375,4183.60009765625,4127.89990234375,4137.22998046875,4277640000,0.0,0.0
2023-10-27 00:00:00-04:00,4152.93017578125,4156.7001953125,4103.77978515625,4117.3701171875,4019500000,0.0,0.0
2023-10-30 00:00:00-04:00,4139.39013671875,4177.47021484375,4132.93994140625,4166.81982421875,3911140000,0.0,0.0
2023-10-31 00:00:00-04:00,4171.330078125,4195.5498046875,4153.1201171875,4193.7998046875,4249470000,0.0,0.0
2023-11-01 00:00:00-04:00,4201.27001953125,4245.64013671875,4197.740234375,4237.85986328125,4224900000,0.0,0.0
2023-11-02 00:00:00-04:00,4268.259765625,4319.72021484375,4268.259765625,4317.77978515625,4669780000,0.0,0.0
2023-11-03 00:00:00-04:00,4334.22998046875,4373.6201171875,4334.22998046875,4358.33984375,4570960000,0.0,0.0
2023-11-06 00:00:00-05:00,4364.27001953125,4372.2099609375,4347.52978515625,4365.97998046875,3656340000,0.0,0.0
2023-11-07 00:00:00-05:00,4366.2099609375,4386.259765625,4355.41015625,4378.3798828125,3791230000,0.0,0.0
2023-11-08 00:00:00-05:00,4384.3701171875,4391.2001953125,4359.759765625,4382.77978515625,3729510000,0.0,0.0
2023-11-09 00:00:00-05:00,4391.41015625,4393.39990234375,4343.93994140625,4347.35009765625,3900780000,0.0,0.0
2023-11-10 00:00:00-05:00,4364.14990234375,4418.02978515625,4353.33984375,4415.240234375,3665080000,0.0,0.0
2023-11-13 00:00:00-05:00,4406.66015625,4421.759765625,4393.81982421875,4411.5498046875,3326240000,0.0,0.0
2023-11-14 00:00:00-05:00,4458.97021484375,4508.669921875,4458.97021484375,4495.7001953125,4700350000,0.0,0.0
2023-11-15 00:00:00-05:00,4505.2998046875,4521.169921875,4495.31005859375,4502.8798828125,4347170000,0.0,0.0
2023-11-16 00:00:00-05:00,4497.080078125,4511.990234375,4487.830078125,4508.240234375,3964520000,0.0,0.0
2023-11-17 00:00:00-05:00,4509.5498046875,4520.1201171875,4499.66015625,4514.02001953125,3777240000,0.0,0.0
2023-11-20 00:00:00-05:00,4511.7001953125,4557.10986328125,4510.35986328125,4547.3798828125,3644790000,0.0,0.0
2023-11-21 00:00:00-05:00,4538.77001953125,4542.14013671875,4525.509765625,4538.18994140625,3511080000,0.0,0.0
2023-11-22 00:00:00-05:00,4553.0400390625,4568.43017578125,4545.0498046875,4556.6201171875,3042810000,0.0,0.0
2023-11-24 00:00:00-05:00,4555.83984375,4560.31005859375,4552.7998046875,4559.33984375,1639500000,0.0,0.0
2023-11-27 00:00:00-05:00,4554.85986328125,4560.52001953125,4546.31982421875,4550.43017578125,3403990000,0.0,0.0
2023-11-28 00:00:00-05:00,4545.5498046875,4568.14013671875,4540.509765625,4554.89013671875,3586240000,0.0,0.0
2023-11-29 00:00:00-05:00,4571.83984375,4587.64013671875,4547.14990234375,4550.580078125,4418760000,0.0,0.0
2023-11-30 00:00:00-05:00,4554.8701171875,4569.89013671875,4537.240234375,4567.7998046875,5399300000,0.0,0.0
2023-12-01 00:00:00-05:00,4559.43017578125,4599.39013671875,4554.7099609375,4594.6298828125,4397120000,0.0,0.0
2023-12-04 00:00:00-05:00,4564.3701171875,4572.3701171875,4546.72021484375,4569.77978515625,4369910000,0.0,0.0
2023-12-05 00:00:00-05:00,4557.25,4578.56005859375,4551.68017578125,4567.18017578125,3909950000,0.0,0.0
2023-12-06 00:00:00-05:00,4586.22998046875,4590.740234375,4546.5,4549.33984375,4245680000,0.0,0.0
2023-12-07 00:00:00-05:00,4568.83984375,4590.919921875,4565.22021484375,4585.58984375,3818880000,0.0,0.0
2023-12-08 00:00:00-05:00,4576.2001953125,4609.22998046875,4574.06005859375,4604.3701171875,3707010000,0.0,0.0
2023-12-11 00:00:00-05:00,4593.39013671875,4623.7099609375,4593.39013671875,4622.43994140625,3823210000,0.0,0.0
2023-12-12 00:00:00-05:00,4618.2998046875,4643.93017578125,4608.08984375,4643.7001953125,3808380000,0.0,0.0
2023-12-13 00:00:00-05:00,4646.2001953125,4709.68994140625,4643.22998046875,4707.08984375,5063650000,0.0,0.0
2023-12-14 00:00:00-05:00,4721.0400390625,4738.56982421875,4694.33984375,4719.5498046875,6314040000,0.0,0.0
2023-12-15 00:00:00-05:00,4714.22998046875,4725.52978515625,4704.68994140625,4719.18994140625,8218980000,0.0,0.0
2023-12-18 00:00:00-05:00,4725.580078125,4749.52001953125,4725.580078125,4740.56005859375,4060340000,0.0,0.0
2023-12-19 00:00:00-05:00,4743.72021484375,4768.68994140625,4743.72021484375,4768.3701171875,4026970000,0.0,0.0
2023-12-20 00:00:00-05:00,4764.72998046875,4778.009765625,4697.81982421875,4698.35009765625,4201320000,0.0,0.0
2023-12-21 00:00:00-05:00,4724.2900390625,4748.7099609375,4708.35009765625,4746.75,3431180000,0.0,0.0
2023-12-22 00:00:00-05:00,4753.919921875,4772.93994140625,4736.77001953125,4754.6298828125,3046770000,0.0,0.0
2023-12-26 00:00:00-05:00,4758.85986328125,4784.72021484375,4758.4501953125,4774.75,2513910000,0.0,0.0
2023-12-27 00:00:00-05:00,4773.4501953125,4785.39013671875,4768.89990234375,4781.580078125,2748450000,0.0,0.0
2023-12-28 00:00:00-05:00,4786.43994140625,4793.2998046875,4780.97998046875,4783.35009765625,2698860000,0.0,0.0
2023-12-29 00:00:00-05:00,4782.8798828125,4788.43017578125,4751.990234375,4769.830078125,3126060000,0.0,0.0
2024-01-02 00:00:00-05:00,4745.2001953125,4754.330078125,4722.669921875,4742.830078125,3743050000,0.0,0.0
2024-01-03 00:00:00-05:00,4725.06982421875,4729.2900390625,4699.7099609375,4704.81005859375,3950760000,0.0,0.0
2024-01-04 00:00:00-05:00,4697.419921875,4726.77978515625,4687.52978515625,4688.68017578125,3715480000,0.0,0.0
2024-01-05 00:00:00-05:00,4690.56982421875,4721.490234375,4682.10986328125,4697.240234375,3844370000,0.0,0.0
2024-01-08 00:00:00-05:00,4703.7001953125,4764.5400390625,4699.81982421875,4763.5400390625,3742320000,0.0,0.0
2024-01-09 00:00:00-05:00,4741.93017578125,4765.47021484375,4730.35009765625,4756.5,3529960000,0.0,0.0
2024-01-10 00:00:00-05:00,4759.93994140625,4790.7998046875,4756.2001953125,4783.4501953125,3498680000,0.0,0.0
2024-01-11 00:00:00-05:00,4792.1298828125,4798.5,4739.580078125,4780.240234375,3759890000,0.0,0.0
2024-01-12 00:00:00-05:00,4791.18017578125,4802.39990234375,4768.97998046875,4783.830078125,3486340000,0.0,0.0
2024-01-16 00:00:00-05:00,4772.35009765625,4782.33984375,4747.1201171875,4765.97998046875,4260550000,0.0,0.0
2024-01-17 00:00:00-05:00,4739.1298828125,4744.22998046875,4714.81982421875,4739.2099609375,3928600000,0.0,0.0
2024-01-18 00:00:00-05:00,4760.10009765625,4785.7900390625,4740.56982421875,4780.93994140625,4019000000,0.0,0.0
2024-01-19 00:00:00-05:00,4796.27978515625,4842.06982421875,4785.8701171875,4839.81005859375,4287200000,0.0,0.0
